adversary_id,name,actor_type,pilot_cell_count,pilot_trace_ranks,pilot_tests,pilot_status,pilot_success_flags,material_pilot_degradation_count,executable_pilot_status,executable_summary_rows,executable_trace_artifact,baseline_pairing_level,budget_status,information_status,attack_success_rate_status,worst_case_status,median_status,seed_replication_status,seed_replication_artifact,recovery_status,per_bill_trace_status,manuscript_gate,next_required_artifact,claim_boundary
A1,Clone/decoy proposer,"Proposer, party, or lobby-aligned proposer",1,1,Policy tournament clone/decoy attack,aggregate_pilot_cell_mapped,1,1,partial_executable_pilot_available,6,reports/adversarial-failure-traces.jsonl,same_generated_world_paired_trace_available,low_medium_high_budget_cells_available,medium_high_information_cells_available,computed_for_executable_pilot,computed_for_executable_pilot,computed_for_executable_pilot,fixed_specification_base_seed_replication_available,reports/adversarial-replication-a1-a8-summary.csv,not_computed,available_for_executable_pilot,not_ready,extend executable pilot to broader mechanisms and recovery traces,"Catalog-to-pilot map only. Mapped rows identify aggregate manipulation-stress cells that can seed explicit adversary experiments and bounded executable A1-A9 pilot artifacts. They complete first-wave catalog coverage but are not mechanism-wide robustness estimates or complete recovery/correction evidence. A1-A8 and A9 have separate fixed-specification 30-base-seed replications, but broader mechanisms and external validation remain open."
A2,Poison-pill or sequencing actor,"Party, proposer, committee gatekeeper, or lobby group",0,none,none,no_current_pilot_cell,0,0,partial_executable_pilot_available,6,reports/adversarial-failure-traces-a2.jsonl,same_generated_world_paired_trace_available,low_medium_high_budget_cells_available,medium_high_information_cells_available,computed_for_executable_pilot,computed_for_executable_pilot,computed_for_executable_pilot,fixed_specification_base_seed_replication_available,reports/adversarial-replication-a1-a8-summary.csv,not_computed,available_for_executable_pilot,not_ready,extend executable pilot to broader mechanisms and recovery traces,"Catalog-to-pilot map only. Mapped rows identify aggregate manipulation-stress cells that can seed explicit adversary experiments and bounded executable A1-A9 pilot artifacts. They complete first-wave catalog coverage but are not mechanism-wide robustness estimates or complete recovery/correction evidence. A1-A8 and A9 have separate fixed-specification 30-base-seed replications, but broader mechanisms and external validation remain open."
A3,Public-input manipulator,"Outside campaign, lobby group, or panel manipulator",2,3; 5,Astroturf objection pressure; Citizen-panel manipulation,aggregate_pilot_cell_mapped,1,0,partial_executable_pilot_available,6,reports/adversarial-failure-traces-a3.jsonl,same_generated_world_paired_trace_available,low_medium_high_budget_cells_available,low_medium_information_cells_available,computed_for_executable_pilot,computed_for_executable_pilot,computed_for_executable_pilot,fixed_specification_base_seed_replication_available,reports/adversarial-replication-a1-a8-summary.csv,not_computed,available_for_executable_pilot,not_ready,extend executable pilot to broader mechanisms and recovery traces,"Catalog-to-pilot map only. Mapped rows identify aggregate manipulation-stress cells that can seed explicit adversary experiments and bounded executable A1-A9 pilot artifacts. They complete first-wave catalog coverage but are not mechanism-wide robustness estimates or complete recovery/correction evidence. A1-A8 and A9 have separate fixed-specification 30-base-seed replications, but broader mechanisms and external validation remain open."
A4,Bad-faith harm claimant,"Outside campaign, party, affected-group proxy, or lobby group",1,6,Bad-faith harm claims,aggregate_pilot_cell_mapped,0,0,partial_executable_pilot_available,3,reports/adversarial-failure-traces-a4.jsonl,same_generated_world_paired_trace_available,low_medium_high_budget_cells_available,medium_information_cells_available,computed_for_executable_pilot,computed_for_executable_pilot,computed_for_executable_pilot,fixed_specification_base_seed_replication_available,reports/adversarial-replication-a1-a8-summary.csv,not_computed,available_for_executable_pilot,not_ready,extend executable pilot to broader mechanisms and recovery traces,"Catalog-to-pilot map only. Mapped rows identify aggregate manipulation-stress cells that can seed explicit adversary experiments and bounded executable A1-A9 pilot artifacts. They complete first-wave catalog coverage but are not mechanism-wide robustness estimates or complete recovery/correction evidence. A1-A8 and A9 have separate fixed-specification 30-base-seed replications, but broader mechanisms and external validation remain open."
A5,Proposal flooder,"Proposer, party, or lobby group",1,4,Agenda flooding,aggregate_pilot_cell_mapped,0,0,partial_executable_pilot_available,6,reports/adversarial-failure-traces-a5.jsonl,same_generated_world_paired_trace_available,low_medium_high_budget_cells_available,low_medium_information_cells_available,computed_for_executable_pilot,computed_for_executable_pilot,computed_for_executable_pilot,fixed_specification_base_seed_replication_available,reports/adversarial-replication-a1-a8-summary.csv,not_computed,available_for_executable_pilot,not_ready,extend executable pilot to broader mechanisms and recovery traces,"Catalog-to-pilot map only. Mapped rows identify aggregate manipulation-stress cells that can seed explicit adversary experiments and bounded executable A1-A9 pilot artifacts. They complete first-wave catalog coverage but are not mechanism-wide robustness estimates or complete recovery/correction evidence. A1-A8 and A9 have separate fixed-specification 30-base-seed replications, but broader mechanisms and external validation remain open."
A6,Lobbying camouflage actor,Lobby group or proxy sponsor network,1,7,Anti-capture defensive backlash,boundary_pilot_cell_not_camouflage,0,0,partial_executable_pilot_available,6,reports/adversarial-failure-traces-a6.jsonl,same_generated_world_paired_trace_available,low_medium_high_budget_cells_available,medium_high_information_cells_available,computed_for_executable_pilot,computed_for_executable_pilot,computed_for_executable_pilot,fixed_specification_base_seed_replication_available,reports/adversarial-replication-a1-a8-summary.csv,not_computed,available_for_executable_pilot,not_ready,extend executable pilot to broader mechanisms and recovery traces,"Catalog-to-pilot map only. Mapped rows identify aggregate manipulation-stress cells that can seed explicit adversary experiments and bounded executable A1-A9 pilot artifacts. They complete first-wave catalog coverage but are not mechanism-wide robustness estimates or complete recovery/correction evidence. A1-A8 and A9 have separate fixed-specification 30-base-seed replications, but broader mechanisms and external validation remain open."
A7,Administrative overload coalition,Mixed coalition,0,none,none,no_current_pilot_cell,0,0,partial_executable_pilot_available,6,reports/adversarial-failure-traces-a7.jsonl,same_generated_world_paired_trace_available,low_medium_high_budget_cells_available,medium_high_information_cells_available,computed_for_executable_pilot,computed_for_executable_pilot,computed_for_executable_pilot,fixed_specification_base_seed_replication_available,reports/adversarial-replication-a1-a8-summary.csv,queue_recovery_computed_for_executable_pilot,available_for_executable_pilot,not_ready,"extend to expanded/risk-routed mechanisms, capacity sensitivity, and substantive correction","Catalog-to-pilot map only. Mapped rows identify aggregate manipulation-stress cells that can seed explicit adversary experiments and bounded executable A1-A9 pilot artifacts. They complete first-wave catalog coverage but are not mechanism-wide robustness estimates or complete recovery/correction evidence. A1-A8 and A9 have separate fixed-specification 30-base-seed replications, but broader mechanisms and external validation remain open."
A8,Public-support distortion actor,"Outside campaign, lobby group, party, or proxy civic campaign",1,3,Astroturf objection pressure,aggregate_pilot_cell_mapped,1,0,partial_executable_pilot_available,18,reports/adversarial-failure-traces-a8.jsonl,same_generated_world_paired_trace_available,low_medium_high_budget_cells_available,low_medium_high_information_cells_available,computed_for_executable_pilot,computed_for_executable_pilot,computed_for_executable_pilot,fixed_specification_base_seed_replication_available,reports/adversarial-replication-a1-a8-summary.csv,same_case_signal_correction_computed_for_executable_pilot,available_for_executable_pilot,not_ready,"extend to additional signal-dependent mechanisms, temporal correction, and external district-opinion validation","Catalog-to-pilot map only. Mapped rows identify aggregate manipulation-stress cells that can seed explicit adversary experiments and bounded executable A1-A9 pilot artifacts. They complete first-wave catalog coverage but are not mechanism-wide robustness estimates or complete recovery/correction evidence. A1-A8 and A9 have separate fixed-specification 30-base-seed replications, but broader mechanisms and external validation remain open."
A9,Mixed adversary portfolio,Coordinated outside and inside actors,1,2,Open burden-shifting capture stress,aggregate_boundary_cell_mapped,1,1,partial_executable_pilot_available,18,reports/adversarial-failure-traces-a9.jsonl,same_generated_world_paired_trace_available,low_medium_high_budget_cells_available,medium_high_information_cells_available,computed_for_executable_pilot,computed_for_executable_pilot,computed_for_executable_pilot,fixed_specification_base_seed_replication_available,reports/adversarial-replication-a9-summary.csv,same_case_review_and_queue_recovery_controls_computed_for_executable_pilot,available_for_executable_pilot,not_ready,"vary allocation/resource/interaction specifications, broaden mechanisms, add substantive replay, and externally anchor assumptions","Catalog-to-pilot map only. Mapped rows identify aggregate manipulation-stress cells that can seed explicit adversary experiments and bounded executable A1-A9 pilot artifacts. They complete first-wave catalog coverage but are not mechanism-wide robustness estimates or complete recovery/correction evidence. A1-A8 and A9 have separate fixed-specification 30-base-seed replications, but broader mechanisms and external validation remain open."
