review_priority_rank,bill_id,public_law_number,policy_area,lifecycle_readiness_tier,review_score,direct_evidence_count,context_evidence_count,high_priority_gap_count,direct_evidence_layers,context_evidence_layers,high_priority_gaps,next_upgrade_gate,next_upgrade_reason,next_source_family,next_source_command,district_ids,campaign_finance_context_bill_ids,lobbying_context_bill_ids,authority_document_numbers,proposed_rule_document_numbers,regulations_docket_ids,regulations_comment_urls,comment_record_docket_ids,court_case_ids,court_usc_sections,court_direct_review_disposition_rows,court_direct_review_direct_rows,court_direct_review_not_direct_rows,court_direct_review_temporally_excluded_rows,court_direct_review_missing_date_rows,court_direct_review_open_rows,court_direct_review_determinations,review_packet,claim_boundary
1,117-hr-1437,117-229,Economics and Public Finance,tier_1_rich_lifecycle_review_candidate,46,10,7,8,bill_action_metadata; law_revision_text_proxy; federal_register_authority_text_verified; federal_register_proposed_rule_history_match; proposed_rule_shared_identifier_match; proposed_rule_regulations_gov_comment_portal_metadata; federal_register_exposed_regulations_gov_comment_metadata; federal_register_final_effective_date_timing; federal_register_proposed_to_final_timing; official_lda_filing_text_bill_identifier,sponsor_district_public_opinion_metadata; sponsor_district_bill_policy_area_context; topic_throughput_policy_area; campaign_finance_sponsor_policy_area_context; lobbying_issue_bill_policy_area_context; court_review_usc_section_authority_overlap; scdb_law_minor_usc_section,bill_topic_public_opinion; codified_usc_lineage; direct_case_to_public_law_identifier; reviewed_case_disposition_to_public_law; complete_regulations_comments; unified_agenda_stage; implementation_outcomes_or_enforcement; full_bill_progression_census_overlap,codified_usc_lineage,"current court-overlap leads already have direct-review dispositions, so codified statutory-lineage review is the next stronger gate",Statutory revision and law lineage,make build-law-revision-bill-linkage-raw,NJ-11,118-s-43; 118-sjres-1,118-hr-164; 118-sjres-1,2025-14681; 2023-16252; 2024-17021,2024-07567; 2024-12164,CMS-2024-0131,https://www.regulations.gov/docketBrowser?rpp=50&so=DESC&sb=postedDate&po=0&dct=PS&D=CMS-2024-0131,CMS-2023-0057; CMS-2024-0131; CMS-2025-0028,1952-008; 1954-048; 1961-012; 1969-007; 1983-084; 1983-145; 1994-055; 1997-024; 2003-032; 2010-010,18 U.S.C. 1001; 5 U.S.C. 552,10,0,0,10,0,0,temporally_excluded_before_public_law_enactment,bill_id=117-hr-1437 | public_law=117-229 | policy_area=Economics and Public Finance | next_gate=codified_usc_lineage | authority_usc_sections=15 U.S.C. 3701; 18 U.S.C. 1001; 21 U.S.C. 321(g; 29 U.S.C. 705(9)(B; 42 U.S.C 300jj-14; 42 U.S.C. 1302; 42 U.S.C. 1315a; 42 U.S.C. 1395aaa-1(a)(2; 42 U.S.C. 1395b-; 42 U.S.C. 1395b-1; 42 U.S.C. 1395b1; 42 U.S.C. 1395oo; 42 U.S.C. 1395ww(d)(3)(E)(i; 42 U.S.C. 1395ww(m; 42 U.S.C. 263a; 42 U.S.C. 299b-21(5)(B; 42 U.S.C. 300jj-11; 44 U.S.C. 3501-; 44 U.S.C. 3506(c)(2)(A; 5 U.S.C. 552; 5 U.S.C. 552a(b; 5 U.S.C. 553(b; 5 U.S.C. 804(2; 5 U.S.C. OMB | authority_docs=2025-14681; 2023-16252; 2024-17021 | proposed_docs=2024-07567; 2024-12164,"Readiness queue only; direct-evidence counts identify source-backed bill/action, revision-text, authority, proposed-history, comment, and timing metadata in the current spine, while context counts remain policy-area, district, finance, lobbying, or court-overlap context. This report does not add bill-topic public support, bill-specific finance/lobbying influence, complete implementation outcomes, direct court disposition, codified statutory lineage, causal effects, welfare, or model validation."
2,117-hr-5376,117-169,Economics and Public Finance,tier_1_rich_lifecycle_review_candidate,46,10,7,8,bill_action_metadata; law_revision_text_proxy; federal_register_authority_text_verified; federal_register_proposed_rule_history_match; proposed_rule_shared_identifier_match; proposed_rule_regulations_gov_comment_portal_metadata; federal_register_exposed_regulations_gov_comment_metadata; federal_register_final_effective_date_timing; federal_register_proposed_to_final_timing; official_lda_filing_text_bill_identifier,sponsor_district_public_opinion_metadata; sponsor_district_bill_policy_area_context; topic_throughput_policy_area; campaign_finance_sponsor_policy_area_context; lobbying_issue_bill_policy_area_context; court_review_usc_section_authority_overlap; scdb_law_minor_usc_section,bill_topic_public_opinion; codified_usc_lineage; direct_case_to_public_law_identifier; reviewed_case_disposition_to_public_law; complete_regulations_comments; unified_agenda_stage; implementation_outcomes_or_enforcement; full_bill_progression_census_overlap,codified_usc_lineage,"current court-overlap leads already have direct-review dispositions, so codified statutory-lineage review is the next stronger gate",Statutory revision and law lineage,make build-law-revision-bill-linkage-raw,KY-03,118-s-43; 118-sjres-1,118-hr-164; 118-sjres-1,2026-07088; 2026-08280; 2025-14621; 2023-28775; 2025-19675; 2024-09105,2026-01926,BLM-2025-0070,https://www.regulations.gov/docketBrowser?rpp=50&so=DESC&sb=postedDate&po=0&dct=PS&D=BLM-2025-0070,BLM-2025-0070; BLM-2025-0138; BLM-2025-0139; DOE-HQ-2024-0030; DOE-HQ-2025-0174; HHSIG_FRDOC_0001; USDA_FRDOC_0001,1962-122; 1965-093; 1979-098; 1989-030; 2018-018; 2019-041,16 U.S.C. 3101; 30 U.S.C. 181; 44 U.S.C. 3501,6,0,0,6,0,0,temporally_excluded_before_public_law_enactment,bill_id=117-hr-5376 | public_law=117-169 | policy_area=Economics and Public Finance | next_gate=codified_usc_lineage | authority_usc_sections=16 U.S.C. 3101; 16 U.S.C. 583k; 16 U.S.C. 8544(b; 2 U.S.C. 1531; 2 U.S.C. 1532(a; 2 U.S.C. 661; 25 U.S.C. 396d; 30 U.S.C. 181; 30 U.S.C. 189; 31 U.S.C. 6101; 40 U.S.C. 471; 42 U.S.C. 1302; 42 U.S.C. 15801; 42 U.S.C. 16511; 42 U.S.C. 16512; 42 U.S.C. 16515(b; 42 U.S.C. 17013; 42 U.S.C. 3501; 42 U.S.C. 4321; 42 U.S.C. 4336e(10; 42 U.S.C. 5195; 42 U.S.C. 7254; 42 U.S.C. 7401; 42 U.S.C. 7521(i; 43 U.S.C. 1701; 43 U.S.C. 1703; 44 U.S.C. 1510; 44 U.S.C. 3501; 44 U.S.C. 3516; 5 U.S.C. 301; 5 U.S.C. 551; 5 U.S.C. 553; 5 U.S.C. 553(a)(2; 5 U.S.C. 553(b; 5 U.S.C. 553(b)(B; 5 U.S.C. 601; 5 U.S.C. 601-612; 5 U.S.C. 603(a; 5 U.S.C. 801; 5 U.S.C. 804(2 | authority_docs=2026-07088; 2026-08280; 2025-14621; 2023-28775; 2025-19675; 2024-09105 | proposed_docs=2026-01926,"Readiness queue only; direct-evidence counts identify source-backed bill/action, revision-text, authority, proposed-history, comment, and timing metadata in the current spine, while context counts remain policy-area, district, finance, lobbying, or court-overlap context. This report does not add bill-topic public support, bill-specific finance/lobbying influence, complete implementation outcomes, direct court disposition, codified statutory lineage, causal effects, welfare, or model validation."
3,117-hr-6833,117-180,Economics and Public Finance,tier_1_rich_lifecycle_review_candidate,46,10,7,8,bill_action_metadata; law_revision_text_proxy; federal_register_authority_text_verified; federal_register_proposed_rule_history_match; proposed_rule_shared_identifier_match; proposed_rule_regulations_gov_comment_portal_metadata; federal_register_exposed_regulations_gov_comment_metadata; federal_register_final_effective_date_timing; federal_register_proposed_to_final_timing; official_lda_filing_text_bill_identifier,sponsor_district_public_opinion_metadata; sponsor_district_bill_policy_area_context; topic_throughput_policy_area; campaign_finance_sponsor_policy_area_context; lobbying_issue_bill_policy_area_context; court_review_usc_section_authority_overlap; scdb_law_minor_usc_section,bill_topic_public_opinion; codified_usc_lineage; direct_case_to_public_law_identifier; reviewed_case_disposition_to_public_law; complete_regulations_comments; unified_agenda_stage; implementation_outcomes_or_enforcement; full_bill_progression_census_overlap,codified_usc_lineage,"current court-overlap leads already have direct-review dispositions, so codified statutory-lineage review is the next stronger gate",Statutory revision and law lineage,make build-law-revision-bill-linkage-raw,MN-02,118-s-43; 118-sjres-1,118-hr-164; 118-sjres-1,2023-18457; 2022-26814; 2022-27236; 2022-24728; 2024-29353; 2025-14681,2023-20123,USCIS-2023-0012,https://www.regulations.gov/docketBrowser?rpp=50&so=DESC&sb=postedDate&po=0&dct=PS&D=USCIS-2023-0012,CMS-2025-0028; ETA-2022-0008; FEMA-2022-0037; USCIS-2023-0012,1957-118; 1959-047; 1973-124; 1989-030; 2003-032; 2010-010,28 U.S.C. 1346; 29 U.S.C. 206; 44 U.S.C. 3501; 5 U.S.C. 552,6,0,0,6,0,0,temporally_excluded_before_public_law_enactment,bill_id=117-hr-6833 | public_law=117-180 | policy_area=Economics and Public Finance | next_gate=codified_usc_lineage | authority_usc_sections=15 U.S.C. 3701; 2 U.S.C. 1501; 2 U.S.C. 1502(1; 2 U.S.C. 1532(a; 2 U.S.C. 658(5; 2 U.S.C. 658(7; 21 U.S.C. 321(g; 28 U.S.C. 1346(b)(1; 28 U.S.C. 2461; 29 U.S.C. 206; 29 U.S.C. 49k; 31 U.S.C. 3727(b; 42 U.S.C 300jj-14; 42 U.S.C. 1302; 42 U.S.C. 1315a; 42 U.S.C. 1395aaa-1(a)(2; 42 U.S.C. 1395b-1; 42 U.S.C. 1395b1; 42 U.S.C. 1395ww(d)(3)(E)(i; 42 U.S.C. 247d; 42 U.S.C. 300jj-11; 42 U.S.C. 4321; 42 U.S.C. 4336e(1; 42 U.S.C. 5121; 44 U.S.C. 3501; 44 U.S.C. 3501-; 44 U.S.C. 3506(c)(2)(A; 48 U.S.C. 1806; 48 U.S.C. 1901; 5 U.S.C. 552; 5 U.S.C. 552a; 5 U.S.C. 552a(a)(4; 5 U.S.C. 553; 5 U.S.C. 553(b; 5 U.S.C. 553(b)(A; 5 U.S.C. 553(b)(B; 5 U.S.C. 553(d)(3; 5 U.S.C. 554; 5 U.S.C. 554(a; 5 U.S.C. 601 | authority_docs=2023-18457; 2022-26814; 2022-27236; 2022-24728; 2024-29353; 2025-14681 | proposed_docs=2023-20123,"Readiness queue only; direct-evidence counts identify source-backed bill/action, revision-text, authority, proposed-history, comment, and timing metadata in the current spine, while context counts remain policy-area, district, finance, lobbying, or court-overlap context. This report does not add bill-topic public support, bill-specific finance/lobbying influence, complete implementation outcomes, direct court disposition, codified statutory lineage, causal effects, welfare, or model validation."
4,117-hr-7776,117-263,Armed Forces and National Security,tier_1_rich_lifecycle_review_candidate,46,10,7,8,bill_action_metadata; law_revision_text_proxy; federal_register_authority_text_verified; federal_register_proposed_rule_history_match; proposed_rule_shared_identifier_match; proposed_rule_regulations_gov_comment_portal_metadata; federal_register_exposed_regulations_gov_comment_metadata; federal_register_final_effective_date_timing; federal_register_proposed_to_final_timing; official_lda_filing_text_bill_identifier,sponsor_district_public_opinion_metadata; sponsor_district_bill_policy_area_context; topic_throughput_policy_area; campaign_finance_sponsor_policy_area_context; lobbying_issue_bill_policy_area_context; court_review_usc_section_authority_overlap; scdb_law_minor_usc_section,bill_topic_public_opinion; codified_usc_lineage; direct_case_to_public_law_identifier; reviewed_case_disposition_to_public_law; complete_regulations_comments; unified_agenda_stage; implementation_outcomes_or_enforcement; full_bill_progression_census_overlap,codified_usc_lineage,"current court-overlap leads already have direct-review dispositions, so codified statutory-lineage review is the next stronger gate",Statutory revision and law lineage,make build-law-revision-bill-linkage-raw,OR-04,118-s-12; 118-s-29; 118-s-56; 118-s-60; 118-s-9; 118-sjres-2,118-hr-129; 118-hr-143; 118-hr-41; 118-hr-939; 118-s-10; 118-s-27; 118-s-29; 118-s-30; 118-s-42,2026-08148; 2026-11505; 2024-11825; 2025-20727; 2024-14121; 2024-29227,2024-15091; 2024-16335,DARS-2024-0023; DOD-2024-OS-0006,https://www.regulations.gov/docketBrowser?rpp=50&so=DESC&sb=postedDate&po=0&dct=PS&D=DARS-2024-0023; https://www.regulations.gov/docketBrowser?rpp=50&so=DESC&sb=postedDate&po=0&dct=PS&D=DOD-2024-OS-0006,DARS-2024-0023; DOD-2024-OS-0006; DOS_FRDOC_0001; OPM-2023-0026; USCBP-2024-0014; USCG-2024-1103,1998-047; 1999-068; 2000-076,18 U.S.C. 6002; 19 U.S.C. 1202,3,0,0,3,0,0,temporally_excluded_before_public_law_enactment,bill_id=117-hr-7776 | public_law=117-263 | policy_area=Armed Forces and National Security | next_gate=codified_usc_lineage | authority_usc_sections=10 U.S.C. 113; 10 U.S.C. 2264; 10 U.S.C. 3406; 10 U.S.C. 3406(h)(1; 10 U.S.C. 3406(h)(2; 14 U.S.C. 102; 14 U.S.C. 502; 14 U.S.C. 503; 14 U.S.C. 521(c; 14 U.S.C. 521(e; 14 U.S.C. 542; 14 U.S.C. 544; 14 U.S.C. 701; 14 U.S.C. 83; 14 U.S.C. 936(i; 14 U.S.C. 946; 15 U.S.C. 272; 15 U.S.C. 632; 162 U.S.C. ch; 18 U.S.C. 6002; 19 U.S.C. 1202; 19 U.S.C. 1581(d; 19 U.S.C. 1706a; 19 U.S.C. 469; 19 U.S.C. 66; 19 U.S.C. 70; 2 U.S.C. 1531-1538; 2 U.S.C. 1532; 22 U.S.C. 2651a; 22 U.S.C. 4801; 22 U.S.C. 4833; 26 U.S.C. 1; 28 U.S.C. 2461; 3 U.S.C. 301; 31 U.S.C. 9701; 33 U.S.C. 1201-1208; 33 U.S.C. 1208(a; 33 U.S.C. 1208(b; 33 U.S.C. 1321(b)(6)(B)(i; 33 U.S.C. 1321(b)(6)(B)(ii | authority_docs=2026-08148; 2026-11505; 2024-11825; 2025-20727; 2024-14121; 2024-29227 | proposed_docs=2024-15091; 2024-16335,"Readiness queue only; direct-evidence counts identify source-backed bill/action, revision-text, authority, proposed-history, comment, and timing metadata in the current spine, while context counts remain policy-area, district, finance, lobbying, or court-overlap context. This report does not add bill-topic public support, bill-specific finance/lobbying influence, complete implementation outcomes, direct court disposition, codified statutory lineage, causal effects, welfare, or model validation."
5,117-hr-7925,117-238,Armed Forces and National Security,tier_1_rich_lifecycle_review_candidate,43,9,7,8,bill_action_metadata; law_revision_text_proxy; federal_register_authority_text_verified; federal_register_proposed_rule_history_match; proposed_rule_shared_identifier_match; proposed_rule_regulations_gov_comment_portal_metadata; federal_register_exposed_regulations_gov_comment_metadata; federal_register_final_effective_date_timing; federal_register_proposed_to_final_timing,sponsor_district_public_opinion_metadata; sponsor_district_bill_policy_area_context; topic_throughput_policy_area; campaign_finance_sponsor_policy_area_context; lobbying_issue_bill_policy_area_context; court_review_usc_section_authority_overlap; scdb_law_minor_usc_section,bill_topic_public_opinion; bill_specific_campaign_finance_or_lobbying_to_bill; direct_case_to_public_law_identifier; reviewed_case_disposition_to_public_law; complete_regulations_comments; unified_agenda_stage; implementation_outcomes_or_enforcement; full_bill_progression_census_overlap,complete_regulations_comments,"comment-portal metadata exists, so complete comment retrieval is the next rulemaking gate",Rulemaking implementation and enforcement,make build-rulemaking-comment-records-raw && make rulemaking-comment-records,CA-36,118-s-12; 118-s-29; 118-s-56; 118-s-60; 118-s-9; 118-sjres-2,118-hr-129; 118-hr-143; 118-hr-41; 118-hr-939; 118-s-10; 118-s-27; 118-s-29; 118-s-30; 118-s-42,2025-20907; 2023-24293; 2024-25521,2023-14768; 2024-15087; 2025-13360; C1-2023-14768,CMS-2025-0306; HHS-OS-2024-0001; HHS-OS-2024-0002,https://www.regulations.gov/docketBrowser?rpp=50&so=DESC&sb=postedDate&po=0&dct=PS&D=CMS-2025-0306; https://www.regulations.gov/docketBrowser?rpp=50&so=DESC&sb=postedDate&po=0&dct=PS&D=HHS-OS-2024-0001; https://www.regulations.gov/docketBrowser?rpp=50&so=DESC&sb=postedDate&po=0&dct=PS&D=HHS-OS-2024-0002,CMS-2024-0199; CMS-2025-0306; HHS-OS-2024-0001; HHS-OS-2024-0002,1984-106; 1989-030; 2016-074,42 U.S.C. 262; 44 U.S.C. 3501,3,0,0,3,0,0,temporally_excluded_before_public_law_enactment,bill_id=117-hr-7925 | public_law=117-238 | policy_area=Armed Forces and National Security | next_gate=complete_regulations_comments | regulations_dockets=CMS-2025-0306; HHS-OS-2024-0001; HHS-OS-2024-0002 | comment_record_dockets=CMS-2024-0199; CMS-2025-0306; HHS-OS-2024-0001; HHS-OS-2024-0002 | comment_urls=https://www.regulations.gov/docketBrowser?rpp=50&so=DESC&sb=postedDate&po=0&dct=PS&D=CMS-2025-0306; https://www.regulations.gov/docketBrowser?rpp=50&so=DESC&sb=postedDate&po=0&dct=PS&D=HHS-OS-2024-0001; https://www.regulations.gov/docketBrowser?rpp=50&so=DESC&sb=postedDate&po=0&dct=PS&D=HHS-OS-2024-0002 | proposed_docs=2023-14768; 2024-15087; 2025-13360; C1-2023-14768,"Readiness queue only; direct-evidence counts identify source-backed bill/action, revision-text, authority, proposed-history, comment, and timing metadata in the current spine, while context counts remain policy-area, district, finance, lobbying, or court-overlap context. This report does not add bill-topic public support, bill-specific finance/lobbying influence, complete implementation outcomes, direct court disposition, codified statutory lineage, causal effects, welfare, or model validation."
6,117-hr-6604,117-297,Armed Forces and National Security,tier_2_implementation_chain_candidate,42,10,5,6,bill_action_metadata; law_revision_text_proxy; federal_register_authority_text_verified; federal_register_proposed_rule_history_match; proposed_rule_shared_identifier_match; proposed_rule_regulations_gov_comment_portal_metadata; federal_register_exposed_regulations_gov_comment_metadata; federal_register_final_effective_date_timing; federal_register_proposed_to_final_timing; official_lda_filing_text_bill_identifier,sponsor_district_public_opinion_metadata; sponsor_district_bill_policy_area_context; topic_throughput_policy_area; campaign_finance_sponsor_policy_area_context; lobbying_issue_bill_policy_area_context,bill_topic_public_opinion; codified_usc_lineage; complete_regulations_comments; unified_agenda_stage; implementation_outcomes_or_enforcement; full_bill_progression_census_overlap,codified_usc_lineage,"authority text exists, so statutory-lineage review can test codified targets",Statutory revision and law lineage,make build-law-revision-bill-linkage-raw,FL-16,118-s-12; 118-s-29; 118-s-56; 118-s-60; 118-s-9; 118-sjres-2,118-hr-129; 118-hr-143; 118-hr-41; 118-hr-939; 118-s-10; 118-s-27; 118-s-29; 118-s-30; 118-s-42,2024-18345,2023-03964,VA-2023-VBA-0010,https://www.regulations.gov/docketBrowser?rpp=50&so=DESC&sb=postedDate&po=0&dct=PS&D=VA-2023-VBA-0010,VA-2023-VBA-0010,,,0,0,0,0,0,0,,bill_id=117-hr-6604 | public_law=117-297 | policy_area=Armed Forces and National Security | next_gate=codified_usc_lineage | authority_usc_sections=10 U.S.C. 2141; 2 U.S.C. 1532; 38 U.S.C. 3532; 38 U.S.C. 3679; 38 U.S.C. 3679(e; 38 U.S.C. 3679(e)(1; 38 U.S.C. 3699A; 38 U.S.C. 3699A(b; 38 U.S.C. 501(a; 38 U.S.C. chapter; 44 U.S.C. 3501-3521; 44 U.S.C. 3507(d; 5 U.S.C. 601-612; 5 U.S.C. 603; 5 U.S.C. 605(b; 5 U.S.C. 801; 5 U.S.C. 804(2 | authority_docs=2024-18345 | proposed_docs=2023-03964,"Readiness queue only; direct-evidence counts identify source-backed bill/action, revision-text, authority, proposed-history, comment, and timing metadata in the current spine, while context counts remain policy-area, district, finance, lobbying, or court-overlap context. This report does not add bill-topic public support, bill-specific finance/lobbying influence, complete implementation outcomes, direct court disposition, codified statutory lineage, causal effects, welfare, or model validation."
7,117-hr-7132,117-223,"Science, Technology, Communications",tier_1_rich_lifecycle_review_candidate,40,9,6,8,bill_action_metadata; law_revision_text_proxy; federal_register_authority_text_verified; federal_register_proposed_rule_history_match; proposed_rule_shared_identifier_match; federal_register_exposed_regulations_gov_comment_metadata; federal_register_final_effective_date_timing; federal_register_proposed_to_final_timing; official_lda_filing_text_bill_identifier,sponsor_district_public_opinion_metadata; sponsor_district_bill_policy_area_context; topic_throughput_policy_area; lobbying_issue_bill_policy_area_context; court_review_usc_section_authority_overlap; scdb_law_minor_usc_section,bill_topic_public_opinion; codified_usc_lineage; direct_case_to_public_law_identifier; reviewed_case_disposition_to_public_law; complete_regulations_comments; unified_agenda_stage; implementation_outcomes_or_enforcement; full_bill_progression_census_overlap,codified_usc_lineage,"current court-overlap leads already have direct-review dispositions, so codified statutory-lineage review is the next stronger gate",Statutory revision and law lineage,make build-law-revision-bill-linkage-raw,NH-02,,118-hr-145; 118-hr-401; 118-hr-922; 118-hr-942,2024-12220; 2023-25835; 2023-26338; 2024-05942; 2024-04587; 2024-02384,2020-22331; 2021-07360; 2021-22099; 2022-25341; 2023-13821; 2024-04586; 2024-05461,,,,2020-027,47 U.S.C. 227,1,0,0,1,0,0,temporally_excluded_before_public_law_enactment,"bill_id=117-hr-7132 | public_law=117-223 | policy_area=Science, Technology, Communications | next_gate=codified_usc_lineage | authority_usc_sections=20 U.S.C. 1070a; 22 U.S.C. 7102; 34 U.S.C. 12291(a; 42 U.S.C. 1751; 42 U.S.C. 1759a; 42 U.S.C. 1773; 42 U.S.C. 1786; 44 U.S.C. 3506(c)(4; 44 U.S.C. 3507; 47 U.S.C. 151; 47 U.S.C. 153; 47 U.S.C. 222(c)(2; 47 U.S.C. 225; 47 U.S.C. 225(a)(3; 47 U.S.C. 225(b)(1; 47 U.S.C. 227(e)(8; 47 U.S.C. 227b(a; 47 U.S.C. 332(c)(1)(A; 47 U.S.C. 332(d; 47 U.S.C. 345; 47 U.S.C. 345(b)(1; 47 U.S.C. 345(b)(2; 47 U.S.C. 345(c)(1; 5 U.S.C. 801(a)(1)(A; 5 U.S.C. 804(2 | authority_docs=2024-12220; 2023-25835; 2023-26338; 2024-05942; 2024-04587; 2024-02384 | proposed_docs=2020-22331; 2021-07360; 2021-22099; 2022-25341; 2023-13821; 2024-04586; 2024-05461","Readiness queue only; direct-evidence counts identify source-backed bill/action, revision-text, authority, proposed-history, comment, and timing metadata in the current spine, while context counts remain policy-area, district, finance, lobbying, or court-overlap context. This report does not add bill-topic public support, bill-specific finance/lobbying influence, complete implementation outcomes, direct court disposition, codified statutory lineage, causal effects, welfare, or model validation."
8,117-hr-4346,117-167,"Science, Technology, Communications",tier_2_implementation_chain_candidate,39,10,4,6,bill_action_metadata; law_revision_text_proxy; federal_register_authority_text_verified; federal_register_proposed_rule_history_match; proposed_rule_shared_identifier_match; proposed_rule_regulations_gov_comment_portal_metadata; federal_register_exposed_regulations_gov_comment_metadata; federal_register_final_effective_date_timing; federal_register_proposed_to_final_timing; official_lda_filing_text_bill_identifier,sponsor_district_public_opinion_metadata; sponsor_district_bill_policy_area_context; topic_throughput_policy_area; lobbying_issue_bill_policy_area_context,bill_topic_public_opinion; codified_usc_lineage; complete_regulations_comments; unified_agenda_stage; implementation_outcomes_or_enforcement; full_bill_progression_census_overlap,codified_usc_lineage,"authority text exists, so statutory-lineage review can test codified targets",Statutory revision and law lineage,make build-law-revision-bill-linkage-raw,OH-13,,118-hr-145; 118-hr-401; 118-hr-922; 118-hr-942,2026-03307; 2024-25810; 2023-09999; 2024-23857; 2023-16009; 2024-30030,2022-14328; 2023-05871; 2023-07987; 2023-13247; 2023-18514; 2023-23616; 2023-26133,FRA-2023-0021; IRS-2023-0012; IRS-2023-0042; NSF_FRDOC_0001,https://www.regulations.gov/docketBrowser?rpp=50&so=DESC&sb=postedDate&po=0&dct=PS&D=FRA-2023-0021; https://www.regulations.gov/docketBrowser?rpp=50&so=DESC&sb=postedDate&po=0&dct=PS&D=IRS-2023-0012; https://www.regulations.gov/docketBrowser?rpp=50&so=DESC&sb=postedDate&po=0&dct=PS&D=IRS-2023-0042; https://www.regulations.gov/docketBrowser?rpp=50&so=DESC&sb=postedDate&po=0&dct=PS&D=NSF_FRDOC_0001,CPSC-2023-0021; FRA-2023-0021; HHS-OS-2024-0002; IRS-2023-0012; IRS-2023-0042; NIST_FRDOC_0001; NSF_FRDOC_0001,,,0,0,0,0,0,0,,"bill_id=117-hr-4346 | public_law=117-167 | policy_area=Science, Technology, Communications | next_gate=codified_usc_lineage | authority_usc_sections=10 U.S.C. 101(d)(5; 10 U.S.C. 10101; 10 U.S.C. 1034; 10 U.S.C. part; 15 U.S.C. 2063(a)(1; 15 U.S.C. 2063(a)(3)(B)(vi; 15 U.S.C. 277; 15 U.S.C. 4651; 15 U.S.C. 4652; 15 U.S.C. 4652(a)(6)(A)(ii; 15 U.S.C. 4652(a)(6)(C; 15 U.S.C. 4652(a)(6)(C)(i; 15 U.S.C. 4652(a)(6)(C)(iii; 15 U.S.C. 4772(l; 15 U.S.C. 5001; 15 U.S.C. 5001(g; 15 U.S.C. 7442; 15 U.S.C. 7442(a; 15 U.S.C. 7442(b)(3; 15 U.S.C. 7442(b)(3)(B; 15 U.S.C. 7442(d; 15 U.S.C. 7442(g; 15 U.S.C. 7442(g)(1; 15 U.S.C. 7442(g)(2; 15 U.S.C. 7442(i; 15 U.S.C. 7442(k; 16 U.S.C. 470; 18 U.S.C. 201-209--Statutes; 18 U.S.C. 208; 19 U.S.C. 1337; 19 U.S.C. 1677(18; 19 U.S.C. 2242; 19 U.S.C. 2242(g)(3; 19 U.S.C. 2416; 19 U.S.C. 4502; 2 U.S.C. 1531; 2 U.S.C. 1531-1538; 2 U.S.C. 1532; 20 U.S.C. 1078e; 20 U.S.C. 1087a | authority_docs=2026-03307; 2024-25810; 2023-09999; 2024-23857; 2023-16009; 2024-30030 | proposed_docs=2022-14328; 2023-05871; 2023-07987; 2023-13247; 2023-18514; 2023-23616; 2023-26133","Readiness queue only; direct-evidence counts identify source-backed bill/action, revision-text, authority, proposed-history, comment, and timing metadata in the current spine, while context counts remain policy-area, district, finance, lobbying, or court-overlap context. This report does not add bill-topic public support, bill-specific finance/lobbying influence, complete implementation outcomes, direct court disposition, codified statutory lineage, causal effects, welfare, or model validation."
9,117-s-3373,117-168,Armed Forces and National Security,tier_1_rich_lifecycle_review_candidate,39,10,4,8,bill_action_metadata; law_revision_text_proxy; federal_register_authority_text_verified; federal_register_proposed_rule_history_match; proposed_rule_shared_identifier_match; proposed_rule_regulations_gov_comment_portal_metadata; federal_register_exposed_regulations_gov_comment_metadata; federal_register_final_effective_date_timing; federal_register_proposed_to_final_timing; official_lda_filing_text_bill_identifier,campaign_finance_sponsor_policy_area_context; lobbying_issue_bill_policy_area_context; court_review_usc_section_authority_overlap; scdb_law_minor_usc_section,bill_topic_public_opinion; codified_usc_lineage; direct_case_to_public_law_identifier; reviewed_case_disposition_to_public_law; complete_regulations_comments; unified_agenda_stage; implementation_outcomes_or_enforcement; full_bill_progression_census_overlap,codified_usc_lineage,"current court-overlap leads already have direct-review dispositions, so codified statutory-lineage review is the next stronger gate",Statutory revision and law lineage,make build-law-revision-bill-linkage-raw,,118-s-12; 118-s-29; 118-s-56; 118-s-60; 118-s-9; 118-sjres-2,118-hr-129; 118-hr-143; 118-hr-41; 118-hr-939; 118-s-10; 118-s-27; 118-s-29; 118-s-30; 118-s-42,2023-25836; 2024-04202; 2023-18979; 2024-31220; 2023-24195,2023-05840,VA-2023-VBA-0014,https://www.regulations.gov/docketBrowser?rpp=50&so=DESC&sb=postedDate&po=0&dct=PS&D=VA-2023-VBA-0014,VA-2021-VBA-0015; VA-2022-VBA-0014; VA-2023-VBA-0014; VA-2024-VACO-0001; VA-2025-VBA-0003,2022-003,38 U.S.C. 5110,1,0,1,0,0,0,reviewed_not_direct_public_law_review,bill_id=117-s-3373 | public_law=117-168 | policy_area=Armed Forces and National Security | next_gate=codified_usc_lineage | authority_usc_sections=2 U.S.C. 1532; 38 U.S.C. 1117; 38 U.S.C. 1119; 38 U.S.C. 1119(c; 38 U.S.C. 1119(c)(1; 38 U.S.C. 1119(c)(1)(B; 38 U.S.C. 1120; 38 U.S.C. 1120(b)(15; 38 U.S.C. 1120(b)(2)(E; 38 U.S.C. 1171; 38 U.S.C. 1171-1174; 38 U.S.C. 1172(a; 38 U.S.C. 1172(c; 38 U.S.C. 1172(d; 38 U.S.C. 1173; 38 U.S.C. 1173(b; 38 U.S.C. 1173(c; 38 U.S.C. 1174; 38 U.S.C. 1174(a; 38 U.S.C. 1174(a)(1; 38 U.S.C. 1305(a)(2; 38 U.S.C. 1305(a)(3; 38 U.S.C. 1710(e)(1)(D; 38 U.S.C. 1710(e)(1)(G; 38 U.S.C. 1710(e)(1)(H; 38 U.S.C. 1710(e)(1)(I; 38 U.S.C. 1710(e)(4)(C; 38 U.S.C. 1710(e)(4)(C)(ii; 38 U.S.C. 501; 38 U.S.C. 501(a; 38 U.S.C. 501(a)(1; 38 U.S.C. 5110; 38 U.S.C. 5110(g; 38 U.S.C. 5121; 38 U.S.C. 5121A(a)(1; 38 U.S.C. by; 44 U.S.C. 3501-; 44 U.S.C. 3501-3521; 44 U.S.C. 3507(d; 5 U.S.C. 553(b)(B | authority_docs=2023-25836; 2024-04202; 2023-18979; 2024-31220; 2023-24195 | proposed_docs=2023-05840,"Readiness queue only; direct-evidence counts identify source-backed bill/action, revision-text, authority, proposed-history, comment, and timing metadata in the current spine, while context counts remain policy-area, district, finance, lobbying, or court-overlap context. This report does not add bill-topic public support, bill-specific finance/lobbying influence, complete implementation outcomes, direct court disposition, codified statutory lineage, causal effects, welfare, or model validation."
10,117-hr-2472,117-269,Government Operations and Politics,tier_2_implementation_chain_candidate,37,7,7,6,bill_action_metadata; law_revision_text_proxy; federal_register_authority_text_verified; federal_register_exposed_regulations_gov_comment_metadata; regulations_gov_complete_comment_record_metadata; federal_register_final_effective_date_timing; official_lda_filing_text_bill_identifier,sponsor_district_public_opinion_metadata; sponsor_district_bill_policy_area_context; topic_throughput_policy_area; campaign_finance_sponsor_policy_area_context; lobbying_issue_bill_policy_area_context; court_review_usc_section_authority_overlap; scdb_law_minor_usc_section,bill_topic_public_opinion; direct_case_to_public_law_identifier; reviewed_case_disposition_to_public_law; unified_agenda_stage; implementation_outcomes_or_enforcement; full_bill_progression_census_overlap,bill_topic_public_opinion,"sponsor-district context exists, so the next gate is bill-topic support or affected-group evidence",District public opinion and affected groups,make build-district-public-opinion-policy-context-raw,OH-06,118-s-12; 118-s-29; 118-s-56; 118-s-60; 118-s-9; 118-sjres-2,118-hr-139; 118-hr-140; 118-hr-149; 118-hr-159; 118-hr-195; 118-hr-411; 118-hr-442; 118-hr-49; 118-hr-53; 118-hr-890; 118-hr-914; 118-hr-946; 118-hr-964; 118-s-12; 118-s-59,2022-26358,,,,MARAD-2022-0247,2003-032; 2010-010,5 U.S.C. 552,2,0,0,2,0,0,temporally_excluded_before_public_law_enactment,bill_id=117-hr-2472 | public_law=117-269 | policy_area=Government Operations and Politics | next_gate=bill_topic_public_opinion | district_ids=OH-06,"Readiness queue only; direct-evidence counts identify source-backed bill/action, revision-text, authority, proposed-history, comment, and timing metadata in the current spine, while context counts remain policy-area, district, finance, lobbying, or court-overlap context. This report does not add bill-topic public support, bill-specific finance/lobbying influence, complete implementation outcomes, direct court disposition, codified statutory lineage, causal effects, welfare, or model validation."
11,117-s-516,117-203,Transportation and Public Works,tier_1_rich_lifecycle_review_candidate,36,10,3,8,bill_action_metadata; law_revision_text_proxy; federal_register_authority_text_verified; federal_register_proposed_rule_history_match; proposed_rule_shared_identifier_match; proposed_rule_regulations_gov_comment_portal_metadata; federal_register_exposed_regulations_gov_comment_metadata; federal_register_final_effective_date_timing; federal_register_proposed_to_final_timing; official_lda_filing_text_bill_identifier,lobbying_issue_bill_policy_area_context; court_review_usc_section_authority_overlap; scdb_law_minor_usc_section,bill_topic_public_opinion; codified_usc_lineage; direct_case_to_public_law_identifier; reviewed_case_disposition_to_public_law; complete_regulations_comments; unified_agenda_stage; implementation_outcomes_or_enforcement; full_bill_progression_census_overlap,codified_usc_lineage,"current court-overlap leads already have direct-review dispositions, so codified statutory-lineage review is the next stronger gate",Statutory revision and law lineage,make build-law-revision-bill-linkage-raw,,,118-hr-915,2024-24886,2023-11497,FAA-2023-1275,https://www.regulations.gov/docketBrowser?rpp=50&so=DESC&sb=postedDate&po=0&dct=PS&D=FAA-2023-1275,FAA-2023-1275,2003-032; 2010-010,5 U.S.C. 552,2,0,0,2,0,0,temporally_excluded_before_public_law_enactment,bill_id=117-s-516 | public_law=117-203 | policy_area=Transportation and Public Works | next_gate=codified_usc_lineage | authority_usc_sections=2 U.S.C. 1531-1538; 42 U.S.C. 7572; 44 U.S.C. 3507(d; 49 U.S.C. 106(f; 49 U.S.C. 44701; 49 U.S.C. 44701(d)(1)(A; 49 U.S.C. 44703; 49 U.S.C. 44730; 49 U.S.C. Subtitle; 5 U.S.C. 552(a; 5 U.S.C. 553(b)(A; 5 U.S.C. 601-612; 5 U.S.C. 801; 5 U.S.C. 804(2; 51 U.S.C. 50901-50923 | authority_docs=2024-24886 | proposed_docs=2023-11497,"Readiness queue only; direct-evidence counts identify source-backed bill/action, revision-text, authority, proposed-history, comment, and timing metadata in the current spine, while context counts remain policy-area, district, finance, lobbying, or court-overlap context. This report does not add bill-topic public support, bill-specific finance/lobbying influence, complete implementation outcomes, direct court disposition, codified statutory lineage, causal effects, welfare, or model validation."
12,117-s-4458,117-174,Armed Forces and National Security,tier_2_implementation_chain_candidate,35,10,2,6,bill_action_metadata; law_revision_text_proxy; federal_register_authority_text_verified; federal_register_proposed_rule_history_match; proposed_rule_shared_identifier_match; proposed_rule_regulations_gov_comment_portal_metadata; federal_register_exposed_regulations_gov_comment_metadata; federal_register_final_effective_date_timing; federal_register_proposed_to_final_timing; official_lda_filing_text_bill_identifier,campaign_finance_sponsor_policy_area_context; lobbying_issue_bill_policy_area_context,bill_topic_public_opinion; codified_usc_lineage; complete_regulations_comments; unified_agenda_stage; implementation_outcomes_or_enforcement; full_bill_progression_census_overlap,codified_usc_lineage,"authority text exists, so statutory-lineage review can test codified targets",Statutory revision and law lineage,make build-law-revision-bill-linkage-raw,,118-s-12; 118-s-29; 118-s-56; 118-s-60; 118-s-9; 118-sjres-2,118-hr-129; 118-hr-143; 118-hr-41; 118-hr-939; 118-s-10; 118-s-27; 118-s-29; 118-s-30; 118-s-42,2024-00629,2022-22107,VA-2022-VBA-0022,https://www.regulations.gov/docketBrowser?rpp=50&so=DESC&sb=postedDate&po=0&dct=PS&D=VA-2022-VBA-0022,VA-2022-VBA-0022,,,0,0,0,0,0,0,,bill_id=117-s-4458 | public_law=117-174 | policy_area=Armed Forces and National Security | next_gate=codified_usc_lineage | authority_usc_sections=10 U.S.C. 2141; 2 U.S.C. 1532; 38 U.S.C. 3313(c)(1)(A)(II; 38 U.S.C. 3680A; 38 U.S.C. 3680A(d; 38 U.S.C. 3680A(d)(1; 38 U.S.C. 3680A(d)(2; 38 U.S.C. 501(a; 38 U.S.C. chapter; 44 U.S.C. 3501-3521; 5 U.S.C. 553; 5 U.S.C. 601-; 5 U.S.C. 603; 5 U.S.C. 605(b; 5 U.S.C. 801; 5 U.S.C. 804(2 | authority_docs=2024-00629 | proposed_docs=2022-22107,"Readiness queue only; direct-evidence counts identify source-backed bill/action, revision-text, authority, proposed-history, comment, and timing metadata in the current spine, while context counts remain policy-area, district, finance, lobbying, or court-overlap context. This report does not add bill-topic public support, bill-specific finance/lobbying influence, complete implementation outcomes, direct court disposition, codified statutory lineage, causal effects, welfare, or model validation."
13,117-s-3580,117-146,Transportation and Public Works,tier_2_implementation_chain_candidate,32,10,1,6,bill_action_metadata; law_revision_text_proxy; federal_register_authority_text_verified; federal_register_proposed_rule_history_match; proposed_rule_shared_identifier_match; proposed_rule_regulations_gov_comment_portal_metadata; federal_register_exposed_regulations_gov_comment_metadata; federal_register_final_effective_date_timing; federal_register_proposed_to_final_timing; official_lda_filing_text_bill_identifier,lobbying_issue_bill_policy_area_context,bill_topic_public_opinion; codified_usc_lineage; complete_regulations_comments; unified_agenda_stage; implementation_outcomes_or_enforcement; full_bill_progression_census_overlap,codified_usc_lineage,"authority text exists, so statutory-lineage review can test codified targets",Statutory revision and law lineage,make build-law-revision-bill-linkage-raw,,,118-hr-915,2024-02926; 2023-05393; 2024-16148,2022-02981; 2022-05572; 2022-22290; 2022-24362; 2022-26025; 2023-12744,FMC-2022-0013; FMC-2022-0023; FMC-2022-0066; FMC-2023-0010,https://www.regulations.gov/docketBrowser?rpp=50&so=DESC&sb=postedDate&po=0&dct=PS&D=FMC-2022-0013; https://www.regulations.gov/docketBrowser?rpp=50&so=DESC&sb=postedDate&po=0&dct=PS&D=FMC-2022-0023; https://www.regulations.gov/docketBrowser?rpp=50&so=DESC&sb=postedDate&po=0&dct=PS&D=FMC-2022-0066; https://www.regulations.gov/docketBrowser?rpp=50&so=DESC&sb=postedDate&po=0&dct=PS&D=FMC-2023-0010,FMC-2022-0013; FMC-2022-0023; FMC-2022-0066; FMC-2023-0008; FMC-2023-0010,,,0,0,0,0,0,0,,bill_id=117-s-3580 | public_law=117-146 | policy_area=Transportation and Public Works | next_gate=codified_usc_lineage | authority_usc_sections=18 U.S.C. 207; 28 U.S.C. 2112(a; 31 U.S.C. 9701; 42 U.S.C. 4321-4347; 44 U.S.C. 3501-3520; 44 U.S.C. 3501-3521; 44 U.S.C. 3502(3; 44 U.S.C. 3507; 44 U.S.C. 3507(d; 44 U.S.C. 3508; 46 U.S.C 41104(a)(3; 46 U.S.C. 305; 46 U.S.C. 40101; 46 U.S.C. 40101(1; 46 U.S.C. 40101(2; 46 U.S.C. 40101(4; 46 U.S.C. 40101-41310; 46 U.S.C. 40102; 46 U.S.C. 40102(15; 46 U.S.C. 40102(18; 46 U.S.C. 40102(21; 46 U.S.C. 40102(7; 46 U.S.C. 40103; 46 U.S.C. 40103(a; 46 U.S.C. 40104; 46 U.S.C. 40104(a)(1; 46 U.S.C. 40104(a)(3; 46 U.S.C. 40306; 46 U.S.C. 40501(f; 46 U.S.C. 40502(f; 46 U.S.C. 40503; 46 U.S.C. 40901-40904; 46 U.S.C. 41102; 46 U.S.C. 41102(a; 46 U.S.C. 41102(c; 46 U.S.C. 41102(d; 46 U.S.C. 41104; 46 U.S.C. 41104(a; 46 U.S.C. 41104(a)(10; 46 U.S.C. 41104(a)(15 | authority_docs=2024-02926; 2023-05393; 2024-16148 | proposed_docs=2022-02981; 2022-05572; 2022-22290; 2022-24362; 2022-26025; 2023-12744,"Readiness queue only; direct-evidence counts identify source-backed bill/action, revision-text, authority, proposed-history, comment, and timing metadata in the current spine, while context counts remain policy-area, district, finance, lobbying, or court-overlap context. This report does not add bill-topic public support, bill-specific finance/lobbying influence, complete implementation outcomes, direct court disposition, codified statutory lineage, causal effects, welfare, or model validation."
14,117-s-1941,117-219,Government Operations and Politics,tier_2_implementation_chain_candidate,31,9,2,7,bill_action_metadata; law_revision_text_proxy; federal_register_authority_text_verified; federal_register_proposed_rule_history_match; proposed_rule_shared_identifier_match; proposed_rule_regulations_gov_comment_portal_metadata; federal_register_exposed_regulations_gov_comment_metadata; federal_register_final_effective_date_timing; federal_register_proposed_to_final_timing,campaign_finance_sponsor_policy_area_context; lobbying_issue_bill_policy_area_context,bill_topic_public_opinion; bill_specific_campaign_finance_or_lobbying_to_bill; codified_usc_lineage; complete_regulations_comments; unified_agenda_stage; implementation_outcomes_or_enforcement; full_bill_progression_census_overlap,codified_usc_lineage,"authority text exists, so statutory-lineage review can test codified targets",Statutory revision and law lineage,make build-law-revision-bill-linkage-raw,,118-s-12; 118-s-29; 118-s-56; 118-s-60; 118-s-9; 118-sjres-2,118-hr-139; 118-hr-140; 118-hr-149; 118-hr-159; 118-hr-195; 118-hr-411; 118-hr-442; 118-hr-49; 118-hr-53; 118-hr-890; 118-hr-914; 118-hr-946; 118-hr-964; 118-s-12; 118-s-59,2024-16911; 2024-16909,2024-06550; 2024-06764,CMS-2024-0111; CMS-2024-0119,https://www.regulations.gov/docketBrowser?rpp=50&so=DESC&sb=postedDate&po=0&dct=PS&D=CMS-2024-0111; https://www.regulations.gov/docketBrowser?rpp=50&so=DESC&sb=postedDate&po=0&dct=PS&D=CMS-2024-0119,CMS-2024-0111; CMS-2024-0119,,,0,0,0,0,0,0,,bill_id=117-s-1941 | public_law=117-219 | policy_area=Government Operations and Politics | next_gate=codified_usc_lineage | authority_usc_sections=5 U.S.C. 553(b)(4; 5 U.S.C. 804(2 | authority_docs=2024-16911; 2024-16909 | proposed_docs=2024-06550; 2024-06764,"Readiness queue only; direct-evidence counts identify source-backed bill/action, revision-text, authority, proposed-history, comment, and timing metadata in the current spine, while context counts remain policy-area, district, finance, lobbying, or court-overlap context. This report does not add bill-topic public support, bill-specific finance/lobbying influence, complete implementation outcomes, direct court disposition, codified statutory lineage, causal effects, welfare, or model validation."
15,117-hr-7352,117-166,Commerce,tier_2_implementation_chain_candidate,21,5,4,7,bill_action_metadata; law_revision_text_proxy; federal_register_authority_text_verified; federal_register_exposed_regulations_gov_comment_metadata; federal_register_final_effective_date_timing,sponsor_district_public_opinion_metadata; sponsor_district_bill_policy_area_context; topic_throughput_policy_area; lobbying_issue_bill_policy_area_context,bill_topic_public_opinion; bill_specific_campaign_finance_or_lobbying_to_bill; codified_usc_lineage; complete_regulations_comments; unified_agenda_stage; implementation_outcomes_or_enforcement; full_bill_progression_census_overlap,codified_usc_lineage,"authority text exists, so statutory-lineage review can test codified targets",Statutory revision and law lineage,make build-law-revision-bill-linkage-raw,NY-07,,118-hr-147; 118-hr-896; 118-hr-903; 118-s-38; 118-s-46,2024-18083,,,,SBA-2024-0006,,,0,0,0,0,0,0,,bill_id=117-hr-7352 | public_law=117-166 | policy_area=Commerce | next_gate=codified_usc_lineage | authority_usc_sections=15 U.S.C. 636(a)(36; 15 U.S.C. 636(a)(36)(F)(ii)(I; 15 U.S.C. 636(a)(37; 15 U.S.C. 636m; 44 U.S.C. Ch; 44 U.S.C. Chapter; 5 U.S.C. 553(b)(B; 5 U.S.C. 553(d)(3; 5 U.S.C. 601-612; 5 U.S.C. 603; 5 U.S.C. 801; 5 U.S.C. 804(2 | authority_docs=2024-18083,"Readiness queue only; direct-evidence counts identify source-backed bill/action, revision-text, authority, proposed-history, comment, and timing metadata in the current spine, while context counts remain policy-area, district, finance, lobbying, or court-overlap context. This report does not add bill-topic public support, bill-specific finance/lobbying influence, complete implementation outcomes, direct court disposition, codified statutory lineage, causal effects, welfare, or model validation."
16,117-hr-1652,117-27,Crime and Law Enforcement,tier_3_representation_influence_context_candidate,16,3,4,3,bill_action_metadata; law_revision_text_proxy; official_lda_filing_text_bill_identifier,sponsor_district_public_opinion_metadata; sponsor_district_bill_policy_area_context; topic_throughput_policy_area; lobbying_issue_bill_policy_area_context,bill_topic_public_opinion; codified_usc_lineage; full_bill_progression_census_overlap,bill_topic_public_opinion,"sponsor-district context exists, so the next gate is bill-topic support or affected-group evidence",District public opinion and affected groups,make build-district-public-opinion-policy-context-raw,NY-10,,118-hconres-3; 118-hconres-5; 118-hr-130; 118-hr-148; 118-hr-175; 118-hr-27; 118-hr-30; 118-hr-36; 118-hr-37; 118-hr-38; 118-hr-444; 118-hr-895; 118-hr-905; 118-hr-916; 118-hr-920; 118-hres-120; 118-s-14; 118-s-18; 118-s-25,,,,,,,,0,0,0,0,0,0,,bill_id=117-hr-1652 | public_law=117-27 | policy_area=Crime and Law Enforcement | next_gate=bill_topic_public_opinion | district_ids=NY-10,"Readiness queue only; direct-evidence counts identify source-backed bill/action, revision-text, authority, proposed-history, comment, and timing metadata in the current spine, while context counts remain policy-area, district, finance, lobbying, or court-overlap context. This report does not add bill-topic public support, bill-specific finance/lobbying influence, complete implementation outcomes, direct court disposition, codified statutory lineage, causal effects, welfare, or model validation."
17,117-hr-3113,117-114,Public Lands and Natural Resources,tier_3_representation_influence_context_candidate,16,3,4,3,bill_action_metadata; law_revision_text_proxy; official_lda_filing_text_bill_identifier,sponsor_district_public_opinion_metadata; sponsor_district_bill_policy_area_context; topic_throughput_policy_area; lobbying_issue_bill_policy_area_context,bill_topic_public_opinion; codified_usc_lineage; full_bill_progression_census_overlap,bill_topic_public_opinion,"sponsor-district context exists, so the next gate is bill-topic support or affected-group evidence",District public opinion and affected groups,make build-district-public-opinion-policy-context-raw,UT-01,,118-hr-188; 118-hr-189; 118-s-21,,,,,,,,0,0,0,0,0,0,,bill_id=117-hr-3113 | public_law=117-114 | policy_area=Public Lands and Natural Resources | next_gate=bill_topic_public_opinion | district_ids=UT-01,"Readiness queue only; direct-evidence counts identify source-backed bill/action, revision-text, authority, proposed-history, comment, and timing metadata in the current spine, while context counts remain policy-area, district, finance, lobbying, or court-overlap context. This report does not add bill-topic public support, bill-specific finance/lobbying influence, complete implementation outcomes, direct court disposition, codified statutory lineage, causal effects, welfare, or model validation."
18,117-hr-6943,117-172,Crime and Law Enforcement,tier_3_representation_influence_context_candidate,16,3,4,3,bill_action_metadata; law_revision_text_proxy; official_lda_filing_text_bill_identifier,sponsor_district_public_opinion_metadata; sponsor_district_bill_policy_area_context; topic_throughput_policy_area; lobbying_issue_bill_policy_area_context,bill_topic_public_opinion; codified_usc_lineage; full_bill_progression_census_overlap,bill_topic_public_opinion,"sponsor-district context exists, so the next gate is bill-topic support or affected-group evidence",District public opinion and affected groups,make build-district-public-opinion-policy-context-raw,MD-06,,118-hconres-3; 118-hconres-5; 118-hr-130; 118-hr-148; 118-hr-175; 118-hr-27; 118-hr-30; 118-hr-36; 118-hr-37; 118-hr-38; 118-hr-444; 118-hr-895; 118-hr-905; 118-hr-916; 118-hr-920; 118-hres-120; 118-s-14; 118-s-18; 118-s-25,,,,,,,,0,0,0,0,0,0,,bill_id=117-hr-6943 | public_law=117-172 | policy_area=Crime and Law Enforcement | next_gate=bill_topic_public_opinion | district_ids=MD-06,"Readiness queue only; direct-evidence counts identify source-backed bill/action, revision-text, authority, proposed-history, comment, and timing metadata in the current spine, while context counts remain policy-area, district, finance, lobbying, or court-overlap context. This report does not add bill-topic public support, bill-specific finance/lobbying influence, complete implementation outcomes, direct court disposition, codified statutory lineage, causal effects, welfare, or model validation."
19,117-hr-8404,117-228,"Civil Rights and Liberties, Minority Issues",tier_3_representation_influence_context_candidate,16,3,4,3,bill_action_metadata; law_revision_text_proxy; official_lda_filing_text_bill_identifier,sponsor_district_public_opinion_metadata; sponsor_district_bill_policy_area_context; topic_throughput_policy_area; campaign_finance_sponsor_policy_area_context,bill_topic_public_opinion; codified_usc_lineage; full_bill_progression_census_overlap,bill_topic_public_opinion,"sponsor-district context exists, so the next gate is bill-topic support or affected-group evidence",District public opinion and affected groups,make build-district-public-opinion-policy-context-raw,NY-10,118-hr-935,,,,,,,,,0,0,0,0,0,0,,"bill_id=117-hr-8404 | public_law=117-228 | policy_area=Civil Rights and Liberties, Minority Issues | next_gate=bill_topic_public_opinion | district_ids=NY-10","Readiness queue only; direct-evidence counts identify source-backed bill/action, revision-text, authority, proposed-history, comment, and timing metadata in the current spine, while context counts remain policy-area, district, finance, lobbying, or court-overlap context. This report does not add bill-topic public support, bill-specific finance/lobbying influence, complete implementation outcomes, direct court disposition, codified statutory lineage, causal effects, welfare, or model validation."
20,117-hr-8454,117-215,Crime and Law Enforcement,tier_3_representation_influence_context_candidate,16,3,4,3,bill_action_metadata; law_revision_text_proxy; official_lda_filing_text_bill_identifier,sponsor_district_public_opinion_metadata; sponsor_district_bill_policy_area_context; topic_throughput_policy_area; lobbying_issue_bill_policy_area_context,bill_topic_public_opinion; codified_usc_lineage; full_bill_progression_census_overlap,bill_topic_public_opinion,"sponsor-district context exists, so the next gate is bill-topic support or affected-group evidence",District public opinion and affected groups,make build-district-public-opinion-policy-context-raw,OR-03,,118-hconres-3; 118-hconres-5; 118-hr-130; 118-hr-148; 118-hr-175; 118-hr-27; 118-hr-30; 118-hr-36; 118-hr-37; 118-hr-38; 118-hr-444; 118-hr-895; 118-hr-905; 118-hr-916; 118-hr-920; 118-hres-120; 118-s-14; 118-s-18; 118-s-25,,,,,,,,0,0,0,0,0,0,,bill_id=117-hr-8454 | public_law=117-215 | policy_area=Crime and Law Enforcement | next_gate=bill_topic_public_opinion | district_ids=OR-03,"Readiness queue only; direct-evidence counts identify source-backed bill/action, revision-text, authority, proposed-history, comment, and timing metadata in the current spine, while context counts remain policy-area, district, finance, lobbying, or court-overlap context. This report does not add bill-topic public support, bill-specific finance/lobbying influence, complete implementation outcomes, direct court disposition, codified statutory lineage, causal effects, welfare, or model validation."
21,117-hr-6386,117-295,Government Operations and Politics,tier_3_representation_influence_context_candidate,15,2,5,4,bill_action_metadata; law_revision_text_proxy,sponsor_district_public_opinion_metadata; sponsor_district_bill_policy_area_context; topic_throughput_policy_area; campaign_finance_sponsor_policy_area_context; lobbying_issue_bill_policy_area_context,bill_topic_public_opinion; bill_specific_campaign_finance_or_lobbying_to_bill; codified_usc_lineage; full_bill_progression_census_overlap,bill_specific_campaign_finance_or_lobbying_to_bill,"same-policy finance or lobbying context exists, so the next gate is a bill-specific link",OpenFEC campaign finance; Senate LDA lobbying disclosures,make build-lobbying-bill-mentions-raw && make lobbying-bill-mention-review,IL-08,118-s-12; 118-s-29; 118-s-56; 118-s-60; 118-s-9; 118-sjres-2,118-hr-139; 118-hr-140; 118-hr-149; 118-hr-159; 118-hr-195; 118-hr-411; 118-hr-442; 118-hr-49; 118-hr-53; 118-hr-890; 118-hr-914; 118-hr-946; 118-hr-964; 118-s-12; 118-s-59,,,,,,,,0,0,0,0,0,0,,bill_id=117-hr-6386 | public_law=117-295 | policy_area=Government Operations and Politics | next_gate=bill_specific_campaign_finance_or_lobbying_to_bill | campaign_context_bills=118-s-12; 118-s-29; 118-s-56; 118-s-60; 118-s-9; 118-sjres-2 | lobbying_context_bills=118-hr-139; 118-hr-140; 118-hr-149; 118-hr-159; 118-hr-195; 118-hr-411; 118-hr-442; 118-hr-49; 118-hr-53; 118-hr-890; 118-hr-914; 118-hr-946; 118-hr-964; 118-s-12; 118-s-59,"Readiness queue only; direct-evidence counts identify source-backed bill/action, revision-text, authority, proposed-history, comment, and timing metadata in the current spine, while context counts remain policy-area, district, finance, lobbying, or court-overlap context. This report does not add bill-topic public support, bill-specific finance/lobbying influence, complete implementation outcomes, direct court disposition, codified statutory lineage, causal effects, welfare, or model validation."
22,117-s-233,117-115,Government Operations and Politics,tier_5_bill_action_context_only,12,3,2,3,bill_action_metadata; law_revision_text_proxy; official_lda_filing_text_bill_identifier,campaign_finance_sponsor_policy_area_context; lobbying_issue_bill_policy_area_context,bill_topic_public_opinion; codified_usc_lineage; full_bill_progression_census_overlap,full_bill_progression_census_overlap,fuller bill/action coverage is required before stronger bill-flow claims,Congress.gov bill histories; govinfo bill and action records,make build-govinfo-billstatus-linkage-raw,,118-s-12; 118-s-29; 118-s-56; 118-s-60; 118-s-9; 118-sjres-2,118-hr-139; 118-hr-140; 118-hr-149; 118-hr-159; 118-hr-195; 118-hr-411; 118-hr-442; 118-hr-49; 118-hr-53; 118-hr-890; 118-hr-914; 118-hr-946; 118-hr-964; 118-s-12; 118-s-59,,,,,,,,0,0,0,0,0,0,,bill_id=117-s-233 | public_law=117-115 | policy_area=Government Operations and Politics | next_gate=full_bill_progression_census_overlap,"Readiness queue only; direct-evidence counts identify source-backed bill/action, revision-text, authority, proposed-history, comment, and timing metadata in the current spine, while context counts remain policy-area, district, finance, lobbying, or court-overlap context. This report does not add bill-topic public support, bill-specific finance/lobbying influence, complete implementation outcomes, direct court disposition, codified statutory lineage, causal effects, welfare, or model validation."
23,117-s-2687,117-136,Armed Forces and National Security,tier_5_bill_action_context_only,12,3,2,3,bill_action_metadata; law_revision_text_proxy; official_lda_filing_text_bill_identifier,campaign_finance_sponsor_policy_area_context; lobbying_issue_bill_policy_area_context,bill_topic_public_opinion; codified_usc_lineage; full_bill_progression_census_overlap,full_bill_progression_census_overlap,fuller bill/action coverage is required before stronger bill-flow claims,Congress.gov bill histories; govinfo bill and action records,make build-govinfo-billstatus-linkage-raw,,118-s-12; 118-s-29; 118-s-56; 118-s-60; 118-s-9; 118-sjres-2,118-hr-129; 118-hr-143; 118-hr-41; 118-hr-939; 118-s-10; 118-s-27; 118-s-29; 118-s-30; 118-s-42,,,,,,,,0,0,0,0,0,0,,bill_id=117-s-2687 | public_law=117-136 | policy_area=Armed Forces and National Security | next_gate=full_bill_progression_census_overlap,"Readiness queue only; direct-evidence counts identify source-backed bill/action, revision-text, authority, proposed-history, comment, and timing metadata in the current spine, while context counts remain policy-area, district, finance, lobbying, or court-overlap context. This report does not add bill-topic public support, bill-specific finance/lobbying influence, complete implementation outcomes, direct court disposition, codified statutory lineage, causal effects, welfare, or model validation."
24,117-hr-1842,117-163,Finance and Financial Sector,tier_3_representation_influence_context_candidate,12,2,4,4,bill_action_metadata; law_revision_text_proxy,sponsor_district_public_opinion_metadata; sponsor_district_bill_policy_area_context; topic_throughput_policy_area; lobbying_issue_bill_policy_area_context,bill_topic_public_opinion; bill_specific_campaign_finance_or_lobbying_to_bill; codified_usc_lineage; full_bill_progression_census_overlap,bill_specific_campaign_finance_or_lobbying_to_bill,"same-policy finance or lobbying context exists, so the next gate is a bill-specific link",OpenFEC campaign finance; Senate LDA lobbying disclosures,make build-lobbying-bill-mentions-raw && make lobbying-bill-mention-review,NY-05,,118-hr-138; 118-hr-408; 118-hr-440; 118-hr-962,,,,,,,,0,0,0,0,0,0,,bill_id=117-hr-1842 | public_law=117-163 | policy_area=Finance and Financial Sector | next_gate=bill_specific_campaign_finance_or_lobbying_to_bill | lobbying_context_bills=118-hr-138; 118-hr-408; 118-hr-440; 118-hr-962,"Readiness queue only; direct-evidence counts identify source-backed bill/action, revision-text, authority, proposed-history, comment, and timing metadata in the current spine, while context counts remain policy-area, district, finance, lobbying, or court-overlap context. This report does not add bill-topic public support, bill-specific finance/lobbying influence, complete implementation outcomes, direct court disposition, codified statutory lineage, causal effects, welfare, or model validation."
25,117-hr-3359,117-164,Crime and Law Enforcement,tier_3_representation_influence_context_candidate,12,2,4,4,bill_action_metadata; law_revision_text_proxy,sponsor_district_public_opinion_metadata; sponsor_district_bill_policy_area_context; topic_throughput_policy_area; lobbying_issue_bill_policy_area_context,bill_topic_public_opinion; bill_specific_campaign_finance_or_lobbying_to_bill; codified_usc_lineage; full_bill_progression_census_overlap,bill_specific_campaign_finance_or_lobbying_to_bill,"same-policy finance or lobbying context exists, so the next gate is a bill-specific link",OpenFEC campaign finance; Senate LDA lobbying disclosures,make build-lobbying-bill-mentions-raw && make lobbying-bill-mention-review,CA-15,,118-hconres-3; 118-hconres-5; 118-hr-130; 118-hr-148; 118-hr-175; 118-hr-27; 118-hr-30; 118-hr-36; 118-hr-37; 118-hr-38; 118-hr-444; 118-hr-895; 118-hr-905; 118-hr-916; 118-hr-920; 118-hres-120; 118-s-14; 118-s-18; 118-s-25,,,,,,,,0,0,0,0,0,0,,bill_id=117-hr-3359 | public_law=117-164 | policy_area=Crime and Law Enforcement | next_gate=bill_specific_campaign_finance_or_lobbying_to_bill | lobbying_context_bills=118-hconres-3; 118-hconres-5; 118-hr-130; 118-hr-148; 118-hr-175; 118-hr-27; 118-hr-30; 118-hr-36; 118-hr-37; 118-hr-38; 118-hr-444; 118-hr-895; 118-hr-905; 118-hr-916; 118-hr-920; 118-hres-120; 118-s-14; 118-s-18; 118-s-25,"Readiness queue only; direct-evidence counts identify source-backed bill/action, revision-text, authority, proposed-history, comment, and timing metadata in the current spine, while context counts remain policy-area, district, finance, lobbying, or court-overlap context. This report does not add bill-topic public support, bill-specific finance/lobbying influence, complete implementation outcomes, direct court disposition, codified statutory lineage, causal effects, welfare, or model validation."
26,117-hr-4693,117-214,International Affairs,tier_3_representation_influence_context_candidate,12,2,4,4,bill_action_metadata; law_revision_text_proxy,sponsor_district_public_opinion_metadata; sponsor_district_bill_policy_area_context; topic_throughput_policy_area; lobbying_issue_bill_policy_area_context,bill_topic_public_opinion; bill_specific_campaign_finance_or_lobbying_to_bill; codified_usc_lineage; full_bill_progression_census_overlap,bill_specific_campaign_finance_or_lobbying_to_bill,"same-policy finance or lobbying context exists, so the next gate is a bill-specific link",OpenFEC campaign finance; Senate LDA lobbying disclosures,make build-lobbying-bill-mentions-raw && make lobbying-bill-mention-review,TX-10,,118-hr-146; 118-hr-199; 118-hr-892; 118-hr-932; 118-hr-948; 118-hr-958; 118-hres-113,,,,,,,,0,0,0,0,0,0,,bill_id=117-hr-4693 | public_law=117-214 | policy_area=International Affairs | next_gate=bill_specific_campaign_finance_or_lobbying_to_bill | lobbying_context_bills=118-hr-146; 118-hr-199; 118-hr-892; 118-hr-932; 118-hr-948; 118-hr-958; 118-hres-113,"Readiness queue only; direct-evidence counts identify source-backed bill/action, revision-text, authority, proposed-history, comment, and timing metadata in the current spine, while context counts remain policy-area, district, finance, lobbying, or court-overlap context. This report does not add bill-topic public support, bill-specific finance/lobbying influence, complete implementation outcomes, direct court disposition, codified statutory lineage, causal effects, welfare, or model validation."
27,117-hr-6899,117-185,International Affairs,tier_3_representation_influence_context_candidate,12,2,4,4,bill_action_metadata; law_revision_text_proxy,sponsor_district_public_opinion_metadata; sponsor_district_bill_policy_area_context; topic_throughput_policy_area; lobbying_issue_bill_policy_area_context,bill_topic_public_opinion; bill_specific_campaign_finance_or_lobbying_to_bill; codified_usc_lineage; full_bill_progression_census_overlap,bill_specific_campaign_finance_or_lobbying_to_bill,"same-policy finance or lobbying context exists, so the next gate is a bill-specific link",OpenFEC campaign finance; Senate LDA lobbying disclosures,make build-lobbying-bill-mentions-raw && make lobbying-bill-mention-review,AR-02,,118-hr-146; 118-hr-199; 118-hr-892; 118-hr-932; 118-hr-948; 118-hr-958; 118-hres-113,,,,,,,,0,0,0,0,0,0,,bill_id=117-hr-6899 | public_law=117-185 | policy_area=International Affairs | next_gate=bill_specific_campaign_finance_or_lobbying_to_bill | lobbying_context_bills=118-hr-146; 118-hr-199; 118-hr-892; 118-hr-932; 118-hr-948; 118-hr-958; 118-hres-113,"Readiness queue only; direct-evidence counts identify source-backed bill/action, revision-text, authority, proposed-history, comment, and timing metadata in the current spine, while context counts remain policy-area, district, finance, lobbying, or court-overlap context. This report does not add bill-topic public support, bill-specific finance/lobbying influence, complete implementation outcomes, direct court disposition, codified statutory lineage, causal effects, welfare, or model validation."
28,117-hr-7334,117-165,Commerce,tier_3_representation_influence_context_candidate,12,2,4,4,bill_action_metadata; law_revision_text_proxy,sponsor_district_public_opinion_metadata; sponsor_district_bill_policy_area_context; topic_throughput_policy_area; lobbying_issue_bill_policy_area_context,bill_topic_public_opinion; bill_specific_campaign_finance_or_lobbying_to_bill; codified_usc_lineage; full_bill_progression_census_overlap,bill_specific_campaign_finance_or_lobbying_to_bill,"same-policy finance or lobbying context exists, so the next gate is a bill-specific link",OpenFEC campaign finance; Senate LDA lobbying disclosures,make build-lobbying-bill-mentions-raw && make lobbying-bill-mention-review,MO-03,,118-hr-147; 118-hr-896; 118-hr-903; 118-s-38; 118-s-46,,,,,,,,0,0,0,0,0,0,,bill_id=117-hr-7334 | public_law=117-165 | policy_area=Commerce | next_gate=bill_specific_campaign_finance_or_lobbying_to_bill | lobbying_context_bills=118-hr-147; 118-hr-896; 118-hr-903; 118-s-38; 118-s-46,"Readiness queue only; direct-evidence counts identify source-backed bill/action, revision-text, authority, proposed-history, comment, and timing metadata in the current spine, while context counts remain policy-area, district, finance, lobbying, or court-overlap context. This report does not add bill-topic public support, bill-specific finance/lobbying influence, complete implementation outcomes, direct court disposition, codified statutory lineage, causal effects, welfare, or model validation."
29,117-s-2089,117-158,Agriculture and Food,tier_5_bill_action_context_only,9,3,1,3,bill_action_metadata; law_revision_text_proxy; official_lda_filing_text_bill_identifier,lobbying_issue_bill_policy_area_context,bill_topic_public_opinion; codified_usc_lineage; full_bill_progression_census_overlap,full_bill_progression_census_overlap,fuller bill/action coverage is required before stronger bill-flow claims,Congress.gov bill histories; govinfo bill and action records,make build-govinfo-billstatus-linkage-raw,,,118-hr-934; 118-hr-945; 118-hr-966,,,,,,,,0,0,0,0,0,0,,bill_id=117-s-2089 | public_law=117-158 | policy_area=Agriculture and Food | next_gate=full_bill_progression_census_overlap,"Readiness queue only; direct-evidence counts identify source-backed bill/action, revision-text, authority, proposed-history, comment, and timing metadata in the current spine, while context counts remain policy-area, district, finance, lobbying, or court-overlap context. This report does not add bill-topic public support, bill-specific finance/lobbying influence, complete implementation outcomes, direct court disposition, codified statutory lineage, causal effects, welfare, or model validation."
30,117-s-2520,117-150,Emergency Management,tier_5_bill_action_context_only,9,3,1,3,bill_action_metadata; law_revision_text_proxy; official_lda_filing_text_bill_identifier,lobbying_issue_bill_policy_area_context,bill_topic_public_opinion; codified_usc_lineage; full_bill_progression_census_overlap,full_bill_progression_census_overlap,fuller bill/action coverage is required before stronger bill-flow claims,Congress.gov bill histories; govinfo bill and action records,make build-govinfo-billstatus-linkage-raw,,,118-hr-132,,,,,,,,0,0,0,0,0,0,,bill_id=117-s-2520 | public_law=117-150 | policy_area=Emergency Management | next_gate=full_bill_progression_census_overlap,"Readiness queue only; direct-evidence counts identify source-backed bill/action, revision-text, authority, proposed-history, comment, and timing metadata in the current spine, while context counts remain policy-area, district, finance, lobbying, or court-overlap context. This report does not add bill-topic public support, bill-specific finance/lobbying influence, complete implementation outcomes, direct court disposition, codified statutory lineage, causal effects, welfare, or model validation."
31,117-s-270,117-123,Public Lands and Natural Resources,tier_5_bill_action_context_only,9,3,1,3,bill_action_metadata; law_revision_text_proxy; official_lda_filing_text_bill_identifier,lobbying_issue_bill_policy_area_context,bill_topic_public_opinion; codified_usc_lineage; full_bill_progression_census_overlap,full_bill_progression_census_overlap,fuller bill/action coverage is required before stronger bill-flow claims,Congress.gov bill histories; govinfo bill and action records,make build-govinfo-billstatus-linkage-raw,,,118-hr-188; 118-hr-189; 118-s-21,,,,,,,,0,0,0,0,0,0,,bill_id=117-s-270 | public_law=117-123 | policy_area=Public Lands and Natural Resources | next_gate=full_bill_progression_census_overlap,"Readiness queue only; direct-evidence counts identify source-backed bill/action, revision-text, authority, proposed-history, comment, and timing metadata in the current spine, while context counts remain policy-area, district, finance, lobbying, or court-overlap context. This report does not add bill-topic public support, bill-specific finance/lobbying influence, complete implementation outcomes, direct court disposition, codified statutory lineage, causal effects, welfare, or model validation."
32,117-s-3522,117-118,International Affairs,tier_5_bill_action_context_only,9,3,1,3,bill_action_metadata; law_revision_text_proxy; official_lda_filing_text_bill_identifier,lobbying_issue_bill_policy_area_context,bill_topic_public_opinion; codified_usc_lineage; full_bill_progression_census_overlap,full_bill_progression_census_overlap,fuller bill/action coverage is required before stronger bill-flow claims,Congress.gov bill histories; govinfo bill and action records,make build-govinfo-billstatus-linkage-raw,,,118-hr-146; 118-hr-199; 118-hr-892; 118-hr-932; 118-hr-948; 118-hr-958; 118-hres-113,,,,,,,,0,0,0,0,0,0,,bill_id=117-s-3522 | public_law=117-118 | policy_area=International Affairs | next_gate=full_bill_progression_census_overlap,"Readiness queue only; direct-evidence counts identify source-backed bill/action, revision-text, authority, proposed-history, comment, and timing metadata in the current spine, while context counts remain policy-area, district, finance, lobbying, or court-overlap context. This report does not add bill-topic public support, bill-specific finance/lobbying influence, complete implementation outcomes, direct court disposition, codified statutory lineage, causal effects, welfare, or model validation."
33,117-s-4900,117-183,Commerce,tier_5_bill_action_context_only,9,3,1,3,bill_action_metadata; law_revision_text_proxy; official_lda_filing_text_bill_identifier,lobbying_issue_bill_policy_area_context,bill_topic_public_opinion; codified_usc_lineage; full_bill_progression_census_overlap,full_bill_progression_census_overlap,fuller bill/action coverage is required before stronger bill-flow claims,Congress.gov bill histories; govinfo bill and action records,make build-govinfo-billstatus-linkage-raw,,,118-hr-147; 118-hr-896; 118-hr-903; 118-s-38; 118-s-46,,,,,,,,0,0,0,0,0,0,,bill_id=117-s-4900 | public_law=117-183 | policy_area=Commerce | next_gate=full_bill_progression_census_overlap,"Readiness queue only; direct-evidence counts identify source-backed bill/action, revision-text, authority, proposed-history, comment, and timing metadata in the current spine, while context counts remain policy-area, district, finance, lobbying, or court-overlap context. This report does not add bill-topic public support, bill-specific finance/lobbying influence, complete implementation outcomes, direct court disposition, codified statutory lineage, causal effects, welfare, or model validation."
34,117-s-558,117-316,Public Lands and Natural Resources,tier_5_bill_action_context_only,9,3,1,3,bill_action_metadata; law_revision_text_proxy; official_lda_filing_text_bill_identifier,lobbying_issue_bill_policy_area_context,bill_topic_public_opinion; codified_usc_lineage; full_bill_progression_census_overlap,full_bill_progression_census_overlap,fuller bill/action coverage is required before stronger bill-flow claims,Congress.gov bill histories; govinfo bill and action records,make build-govinfo-billstatus-linkage-raw,,,118-hr-188; 118-hr-189; 118-s-21,,,,,,,,0,0,0,0,0,0,,bill_id=117-s-558 | public_law=117-316 | policy_area=Public Lands and Natural Resources | next_gate=full_bill_progression_census_overlap,"Readiness queue only; direct-evidence counts identify source-backed bill/action, revision-text, authority, proposed-history, comment, and timing metadata in the current spine, while context counts remain policy-area, district, finance, lobbying, or court-overlap context. This report does not add bill-topic public support, bill-specific finance/lobbying influence, complete implementation outcomes, direct court disposition, codified statutory lineage, causal effects, welfare, or model validation."
35,117-hr-5681,117-113,Immigration,tier_5_bill_action_context_only,9,2,3,4,bill_action_metadata; law_revision_text_proxy,sponsor_district_public_opinion_metadata; sponsor_district_bill_policy_area_context; topic_throughput_policy_area,bill_topic_public_opinion; bill_specific_campaign_finance_or_lobbying_to_bill; codified_usc_lineage; full_bill_progression_census_overlap,bill_topic_public_opinion,"sponsor-district context exists, so the next gate is bill-topic support or affected-group evidence",District public opinion and affected groups,make build-district-public-opinion-policy-context-raw,NY-24,,,,,,,,,,0,0,0,0,0,0,,bill_id=117-hr-5681 | public_law=117-113 | policy_area=Immigration | next_gate=bill_topic_public_opinion | district_ids=NY-24,"Readiness queue only; direct-evidence counts identify source-backed bill/action, revision-text, authority, proposed-history, comment, and timing metadata in the current spine, while context counts remain policy-area, district, finance, lobbying, or court-overlap context. This report does not add bill-topic public support, bill-specific finance/lobbying influence, complete implementation outcomes, direct court disposition, codified statutory lineage, causal effects, welfare, or model validation."
36,117-s-3470,117-211,Government Operations and Politics,tier_5_bill_action_context_only,8,2,2,4,bill_action_metadata; law_revision_text_proxy,campaign_finance_sponsor_policy_area_context; lobbying_issue_bill_policy_area_context,bill_topic_public_opinion; bill_specific_campaign_finance_or_lobbying_to_bill; codified_usc_lineage; full_bill_progression_census_overlap,bill_specific_campaign_finance_or_lobbying_to_bill,"same-policy finance or lobbying context exists, so the next gate is a bill-specific link",OpenFEC campaign finance; Senate LDA lobbying disclosures,make build-lobbying-bill-mentions-raw && make lobbying-bill-mention-review,,118-s-12; 118-s-29; 118-s-56; 118-s-60; 118-s-9; 118-sjres-2,118-hr-139; 118-hr-140; 118-hr-149; 118-hr-159; 118-hr-195; 118-hr-411; 118-hr-442; 118-hr-49; 118-hr-53; 118-hr-890; 118-hr-914; 118-hr-946; 118-hr-964; 118-s-12; 118-s-59,,,,,,,,0,0,0,0,0,0,,bill_id=117-s-3470 | public_law=117-211 | policy_area=Government Operations and Politics | next_gate=bill_specific_campaign_finance_or_lobbying_to_bill | campaign_context_bills=118-s-12; 118-s-29; 118-s-56; 118-s-60; 118-s-9; 118-sjres-2 | lobbying_context_bills=118-hr-139; 118-hr-140; 118-hr-149; 118-hr-159; 118-hr-195; 118-hr-411; 118-hr-442; 118-hr-49; 118-hr-53; 118-hr-890; 118-hr-914; 118-hr-946; 118-hr-964; 118-s-12; 118-s-59,"Readiness queue only; direct-evidence counts identify source-backed bill/action, revision-text, authority, proposed-history, comment, and timing metadata in the current spine, while context counts remain policy-area, district, finance, lobbying, or court-overlap context. This report does not add bill-topic public support, bill-specific finance/lobbying influence, complete implementation outcomes, direct court disposition, codified statutory lineage, causal effects, welfare, or model validation."
37,117-s-3969,117-182,Government Operations and Politics,tier_5_bill_action_context_only,8,2,2,4,bill_action_metadata; law_revision_text_proxy,campaign_finance_sponsor_policy_area_context; lobbying_issue_bill_policy_area_context,bill_topic_public_opinion; bill_specific_campaign_finance_or_lobbying_to_bill; codified_usc_lineage; full_bill_progression_census_overlap,bill_specific_campaign_finance_or_lobbying_to_bill,"same-policy finance or lobbying context exists, so the next gate is a bill-specific link",OpenFEC campaign finance; Senate LDA lobbying disclosures,make build-lobbying-bill-mentions-raw && make lobbying-bill-mention-review,,118-s-12; 118-s-29; 118-s-56; 118-s-60; 118-s-9; 118-sjres-2,118-hr-139; 118-hr-140; 118-hr-149; 118-hr-159; 118-hr-195; 118-hr-411; 118-hr-442; 118-hr-49; 118-hr-53; 118-hr-890; 118-hr-914; 118-hr-946; 118-hr-964; 118-s-12; 118-s-59,,,,,,,,0,0,0,0,0,0,,bill_id=117-s-3969 | public_law=117-182 | policy_area=Government Operations and Politics | next_gate=bill_specific_campaign_finance_or_lobbying_to_bill | campaign_context_bills=118-s-12; 118-s-29; 118-s-56; 118-s-60; 118-s-9; 118-sjres-2 | lobbying_context_bills=118-hr-139; 118-hr-140; 118-hr-149; 118-hr-159; 118-hr-195; 118-hr-411; 118-hr-442; 118-hr-49; 118-hr-53; 118-hr-890; 118-hr-914; 118-hr-946; 118-hr-964; 118-s-12; 118-s-59,"Readiness queue only; direct-evidence counts identify source-backed bill/action, revision-text, authority, proposed-history, comment, and timing metadata in the current spine, while context counts remain policy-area, district, finance, lobbying, or court-overlap context. This report does not add bill-topic public support, bill-specific finance/lobbying influence, complete implementation outcomes, direct court disposition, codified statutory lineage, causal effects, welfare, or model validation."
38,117-s-3157,117-210,Immigration,tier_5_bill_action_context_only,6,3,0,3,bill_action_metadata; law_revision_text_proxy; official_lda_filing_text_bill_identifier,,bill_topic_public_opinion; codified_usc_lineage; full_bill_progression_census_overlap,full_bill_progression_census_overlap,fuller bill/action coverage is required before stronger bill-flow claims,Congress.gov bill histories; govinfo bill and action records,make build-govinfo-billstatus-linkage-raw,,,,,,,,,,,0,0,0,0,0,0,,bill_id=117-s-3157 | public_law=117-210 | policy_area=Immigration | next_gate=full_bill_progression_census_overlap,"Readiness queue only; direct-evidence counts identify source-backed bill/action, revision-text, authority, proposed-history, comment, and timing metadata in the current spine, while context counts remain policy-area, district, finance, lobbying, or court-overlap context. This report does not add bill-topic public support, bill-specific finance/lobbying influence, complete implementation outcomes, direct court disposition, codified statutory lineage, causal effects, welfare, or model validation."
39,117-s-3294,117-111,Congress,tier_5_bill_action_context_only,5,2,1,4,bill_action_metadata; law_revision_text_proxy,campaign_finance_sponsor_policy_area_context,bill_topic_public_opinion; bill_specific_campaign_finance_or_lobbying_to_bill; codified_usc_lineage; full_bill_progression_census_overlap,bill_specific_campaign_finance_or_lobbying_to_bill,"same-policy finance or lobbying context exists, so the next gate is a bill-specific link",OpenFEC campaign finance; Senate LDA lobbying disclosures,make build-lobbying-bill-mentions-raw && make lobbying-bill-mention-review,,118-s-12; 118-s-29; 118-s-43; 118-s-56; 118-s-60; 118-s-9; 118-sjres-1; 118-sjres-2,,,,,,,,,0,0,0,0,0,0,,bill_id=117-s-3294 | public_law=117-111 | policy_area=Congress | next_gate=bill_specific_campaign_finance_or_lobbying_to_bill | campaign_context_bills=118-s-12; 118-s-29; 118-s-43; 118-s-56; 118-s-60; 118-s-9; 118-sjres-1; 118-sjres-2,"Readiness queue only; direct-evidence counts identify source-backed bill/action, revision-text, authority, proposed-history, comment, and timing metadata in the current spine, while context counts remain policy-area, district, finance, lobbying, or court-overlap context. This report does not add bill-topic public support, bill-specific finance/lobbying influence, complete implementation outcomes, direct court disposition, codified statutory lineage, causal effects, welfare, or model validation."
40,117-s-497,117-121,Public Lands and Natural Resources,tier_5_bill_action_context_only,5,2,1,4,bill_action_metadata; law_revision_text_proxy,lobbying_issue_bill_policy_area_context,bill_topic_public_opinion; bill_specific_campaign_finance_or_lobbying_to_bill; codified_usc_lineage; full_bill_progression_census_overlap,bill_specific_campaign_finance_or_lobbying_to_bill,"same-policy finance or lobbying context exists, so the next gate is a bill-specific link",OpenFEC campaign finance; Senate LDA lobbying disclosures,make build-lobbying-bill-mentions-raw && make lobbying-bill-mention-review,,,118-hr-188; 118-hr-189; 118-s-21,,,,,,,,0,0,0,0,0,0,,bill_id=117-s-497 | public_law=117-121 | policy_area=Public Lands and Natural Resources | next_gate=bill_specific_campaign_finance_or_lobbying_to_bill | lobbying_context_bills=118-hr-188; 118-hr-189; 118-s-21,"Readiness queue only; direct-evidence counts identify source-backed bill/action, revision-text, authority, proposed-history, comment, and timing metadata in the current spine, while context counts remain policy-area, district, finance, lobbying, or court-overlap context. This report does not add bill-topic public support, bill-specific finance/lobbying influence, complete implementation outcomes, direct court disposition, codified statutory lineage, causal effects, welfare, or model validation."
