manual_review_rank,review_rank,action_rank,bill_id,public_law_number,policy_area,sponsor_bioguide_id,sponsor_party,sponsor_state,introduced_date,enacted_date,lifecycle_readiness_tier,review_score,actionable_gap_count,campaign_finance_context_rows,campaign_finance_context_transaction_rows,campaign_finance_unique_candidates,campaign_finance_context_bill_ids,campaign_finance_context_enacted_bill_ids,campaign_finance_current_bill_exact_match,lobbying_context_issue_rows,lobbying_context_activity_rows,lobbying_context_total_amount,lobbying_context_bill_contexts,lobbying_context_bill_ids,lobbying_context_enacted_bill_ids,lobbying_context_issues,lobbying_current_bill_exact_match,queue_review_status,manual_review_source,manual_campaign_context_status,manual_campaign_context_disposition,manual_campaign_context_basis,manual_lobbying_context_status,manual_lobbying_context_disposition,manual_lobbying_context_basis,manual_bill_specific_gate_status,manual_next_source_expansion,manual_outcome_link_status,manual_reviewer_note,recommended_review_sources,review_packet,evidence_layers,missing_links,source_url,claim_boundary
1,1,21,117-hr-6386,117-295,Government Operations and Politics,K000391,D,IL,2022-01-12,2022-12-27,tier_3_representation_influence_context_candidate,15,4,1,1,1,118-s-12; 118-s-29; 118-s-56; 118-s-60; 118-s-9; 118-sjres-2,,no,1,3,0.00,15,118-hr-139; 118-hr-140; 118-hr-149; 118-hr-159; 118-hr-195; 118-hr-411; 118-hr-442; 118-hr-49; 118-hr-53; 118-hr-890; 118-hr-914; 118-hr-946; 118-hr-964; 118-s-12; 118-s-59,118-s-59,Government Issues,no,same_policy_finance_and_lobbying_context_needs_bill_specific_review,local_bill_finance_lobbying_review_queue,reviewed_same_policy_campaign_context_no_current_bill_match,local_campaign_context_available_no_current_bill_id,same_policy_candidate_sponsor_bill_context_has_no_reviewed_bill_id,reviewed_same_policy_lobbying_context_no_current_bill_match,local_lobbying_context_available_no_current_bill_id,same_policy_lobbying_issue_bill_context_has_no_reviewed_bill_id,reviewed_local_context_no_current_bill_specific_finance_or_lobbying_match,external_current_bill_lobbying_and_campaign_finance_target_search_needed,no_outcome_influence_evidence,Local same-policy campaign-finance and lobbying context reviewed; neither context contains the current bill ID.,OpenFEC independent-expenditure communication/target records; FEC committee and candidate transaction detail; Senate LDA filing text and bill-number mentions; committee-of-jurisdiction and action records; Congress.gov bill and public-law metadata,bill_id=117-hr-6386 | public_law=117-295 | policy_area=Government Operations and Politics | campaign_exact_match=no | lobbying_exact_match=no | campaign_context_bills=118-s-12; 118-s-29; 118-s-56; 118-s-60; 118-s-9; 118-sjres-2 | lobbying_context_bills=118-hr-139; 118-hr-140; 118-hr-149; 118-hr-159; 118-hr-195; 118-hr-411; 118-hr-442; 118-hr-49; 118-hr-53; 118-hr-890; 118-hr-914; 118-hr-946; 118-hr-964; 118-s-12; 118-s-59,bill_law_lifecycle_next_actions; bill_law_evidence_spine; bill_finance_lobbying_review_queue; manual_bill_finance_lobbying_local_context_review; local_campaign_finance_sponsor_policy_context_review; local_lobbying_issue_bill_context_review,external_current_bill_campaign_finance_target_search; external_current_bill_lobbying_search; reviewed_outside_spending_target; client_to_specific_bill; sponsor_or_member_target_beyond_activity_text_reference; committee_action_influence; roll_call_influence; legislative_outcome_causality; public_benefit_or_welfare_validation; causal_capture_validation; model_validation,https://www.congress.gov/bill/117th-congress/hr-bill/6386,"Manual bill-finance/lobbying local-context review only; reviewed rows show that current cached same-policy campaign-finance sponsor context and LDA issue/bill context do not contain the reviewed current bill ID. This does not show absence of campaign spending, outside-spending targets, lobbying activity, lobbying contacts, sponsor/member targeting, committee-action influence, roll-call influence, legislative-outcome causality, public benefit or welfare, causal capture, or model validation."
2,2,24,117-hr-1842,117-163,Finance and Financial Sector,M001137,D,NY,2021-03-11,2022-08-03,tier_3_representation_influence_context_candidate,12,4,0,0,0,,,no,3,8,0.00,12,118-hr-138; 118-hr-408; 118-hr-440; 118-hr-962,,Banking; Financial Institutions/Investments/Securities; Insurance,no,same_policy_lobbying_context_needs_bill_specific_review,local_bill_finance_lobbying_review_queue,reviewed_no_local_campaign_context_available,local_campaign_context_absent,zero_local_campaign_context_rows_in_queue,reviewed_same_policy_lobbying_context_no_current_bill_match,local_lobbying_context_available_no_current_bill_id,same_policy_lobbying_issue_bill_context_has_no_reviewed_bill_id,reviewed_local_context_no_current_bill_specific_finance_or_lobbying_match,external_current_bill_lobbying_target_search_needed,no_outcome_influence_evidence,Local same-policy lobbying context reviewed; it does not contain the current bill ID and local campaign-finance context is absent.,OpenFEC independent-expenditure communication/target records; FEC committee and candidate transaction detail; Senate LDA filing text and bill-number mentions; committee-of-jurisdiction and action records; Congress.gov bill and public-law metadata,bill_id=117-hr-1842 | public_law=117-163 | policy_area=Finance and Financial Sector | campaign_exact_match=no | lobbying_exact_match=no | campaign_context_bills= | lobbying_context_bills=118-hr-138; 118-hr-408; 118-hr-440; 118-hr-962,bill_law_lifecycle_next_actions; bill_law_evidence_spine; bill_finance_lobbying_review_queue; manual_bill_finance_lobbying_local_context_review; local_lobbying_issue_bill_context_review,external_current_bill_campaign_finance_target_search; external_current_bill_lobbying_search; reviewed_outside_spending_target; client_to_specific_bill; sponsor_or_member_target_beyond_activity_text_reference; committee_action_influence; roll_call_influence; legislative_outcome_causality; public_benefit_or_welfare_validation; causal_capture_validation; model_validation,https://www.congress.gov/bill/117th-congress/hr-bill/1842,"Manual bill-finance/lobbying local-context review only; reviewed rows show that current cached same-policy campaign-finance sponsor context and LDA issue/bill context do not contain the reviewed current bill ID. This does not show absence of campaign spending, outside-spending targets, lobbying activity, lobbying contacts, sponsor/member targeting, committee-action influence, roll-call influence, legislative-outcome causality, public benefit or welfare, causal capture, or model validation."
3,3,25,117-hr-3359,117-164,Crime and Law Enforcement,S001193,D,CA,2021-05-19,2022-08-03,tier_3_representation_influence_context_candidate,12,4,0,0,0,,,no,1,2,0.00,19,118-hconres-3; 118-hconres-5; 118-hr-130; 118-hr-148; 118-hr-175; 118-hr-27; 118-hr-30; 118-hr-36; 118-hr-37; 118-hr-38; 118-hr-444; 118-hr-895; 118-hr-905; 118-hr-916; 118-hr-920; 118-hres-120; 118-s-14; 118-s-18; 118-s-25,,Law Enforcement/Crime/Criminal Justice,no,same_policy_lobbying_context_needs_bill_specific_review,local_bill_finance_lobbying_review_queue,reviewed_no_local_campaign_context_available,local_campaign_context_absent,zero_local_campaign_context_rows_in_queue,reviewed_same_policy_lobbying_context_no_current_bill_match,local_lobbying_context_available_no_current_bill_id,same_policy_lobbying_issue_bill_context_has_no_reviewed_bill_id,reviewed_local_context_no_current_bill_specific_finance_or_lobbying_match,external_current_bill_lobbying_target_search_needed,no_outcome_influence_evidence,Local same-policy lobbying context reviewed; it does not contain the current bill ID and local campaign-finance context is absent.,OpenFEC independent-expenditure communication/target records; FEC committee and candidate transaction detail; Senate LDA filing text and bill-number mentions; committee-of-jurisdiction and action records; Congress.gov bill and public-law metadata,bill_id=117-hr-3359 | public_law=117-164 | policy_area=Crime and Law Enforcement | campaign_exact_match=no | lobbying_exact_match=no | campaign_context_bills= | lobbying_context_bills=118-hconres-3; 118-hconres-5; 118-hr-130; 118-hr-148; 118-hr-175; 118-hr-27; 118-hr-30; 118-hr-36; 118-hr-37; 118-hr-38; 118-hr-444; 118-hr-895; 118-hr-905; 118-hr-916; 118-hr-920; 118-hres-120; 118-s-14; 118-s-18; 118-s-25,bill_law_lifecycle_next_actions; bill_law_evidence_spine; bill_finance_lobbying_review_queue; manual_bill_finance_lobbying_local_context_review; local_lobbying_issue_bill_context_review,external_current_bill_campaign_finance_target_search; external_current_bill_lobbying_search; reviewed_outside_spending_target; client_to_specific_bill; sponsor_or_member_target_beyond_activity_text_reference; committee_action_influence; roll_call_influence; legislative_outcome_causality; public_benefit_or_welfare_validation; causal_capture_validation; model_validation,https://www.congress.gov/bill/117th-congress/hr-bill/3359,"Manual bill-finance/lobbying local-context review only; reviewed rows show that current cached same-policy campaign-finance sponsor context and LDA issue/bill context do not contain the reviewed current bill ID. This does not show absence of campaign spending, outside-spending targets, lobbying activity, lobbying contacts, sponsor/member targeting, committee-action influence, roll-call influence, legislative-outcome causality, public benefit or welfare, causal capture, or model validation."
4,4,26,117-hr-4693,117-214,International Affairs,M001157,R,TX,2021-07-26,2022-10-19,tier_3_representation_influence_context_candidate,12,4,0,0,0,,,no,1,1,0.00,7,118-hr-146; 118-hr-199; 118-hr-892; 118-hr-932; 118-hr-948; 118-hr-958; 118-hres-113,,Foreign Relations,no,same_policy_lobbying_context_needs_bill_specific_review,local_bill_finance_lobbying_review_queue,reviewed_no_local_campaign_context_available,local_campaign_context_absent,zero_local_campaign_context_rows_in_queue,reviewed_same_policy_lobbying_context_no_current_bill_match,local_lobbying_context_available_no_current_bill_id,same_policy_lobbying_issue_bill_context_has_no_reviewed_bill_id,reviewed_local_context_no_current_bill_specific_finance_or_lobbying_match,external_current_bill_lobbying_target_search_needed,no_outcome_influence_evidence,Local same-policy lobbying context reviewed; it does not contain the current bill ID and local campaign-finance context is absent.,OpenFEC independent-expenditure communication/target records; FEC committee and candidate transaction detail; Senate LDA filing text and bill-number mentions; committee-of-jurisdiction and action records; Congress.gov bill and public-law metadata,bill_id=117-hr-4693 | public_law=117-214 | policy_area=International Affairs | campaign_exact_match=no | lobbying_exact_match=no | campaign_context_bills= | lobbying_context_bills=118-hr-146; 118-hr-199; 118-hr-892; 118-hr-932; 118-hr-948; 118-hr-958; 118-hres-113,bill_law_lifecycle_next_actions; bill_law_evidence_spine; bill_finance_lobbying_review_queue; manual_bill_finance_lobbying_local_context_review; local_lobbying_issue_bill_context_review,external_current_bill_campaign_finance_target_search; external_current_bill_lobbying_search; reviewed_outside_spending_target; client_to_specific_bill; sponsor_or_member_target_beyond_activity_text_reference; committee_action_influence; roll_call_influence; legislative_outcome_causality; public_benefit_or_welfare_validation; causal_capture_validation; model_validation,https://www.congress.gov/bill/117th-congress/hr-bill/4693,"Manual bill-finance/lobbying local-context review only; reviewed rows show that current cached same-policy campaign-finance sponsor context and LDA issue/bill context do not contain the reviewed current bill ID. This does not show absence of campaign spending, outside-spending targets, lobbying activity, lobbying contacts, sponsor/member targeting, committee-action influence, roll-call influence, legislative-outcome causality, public benefit or welfare, causal capture, or model validation."
5,5,27,117-hr-6899,117-185,International Affairs,H001072,R,AR,2022-03-02,2022-10-04,tier_3_representation_influence_context_candidate,12,4,0,0,0,,,no,1,1,0.00,7,118-hr-146; 118-hr-199; 118-hr-892; 118-hr-932; 118-hr-948; 118-hr-958; 118-hres-113,,Foreign Relations,no,same_policy_lobbying_context_needs_bill_specific_review,local_bill_finance_lobbying_review_queue,reviewed_no_local_campaign_context_available,local_campaign_context_absent,zero_local_campaign_context_rows_in_queue,reviewed_same_policy_lobbying_context_no_current_bill_match,local_lobbying_context_available_no_current_bill_id,same_policy_lobbying_issue_bill_context_has_no_reviewed_bill_id,reviewed_local_context_no_current_bill_specific_finance_or_lobbying_match,external_current_bill_lobbying_target_search_needed,no_outcome_influence_evidence,Local same-policy lobbying context reviewed; it does not contain the current bill ID and local campaign-finance context is absent.,OpenFEC independent-expenditure communication/target records; FEC committee and candidate transaction detail; Senate LDA filing text and bill-number mentions; committee-of-jurisdiction and action records; Congress.gov bill and public-law metadata,bill_id=117-hr-6899 | public_law=117-185 | policy_area=International Affairs | campaign_exact_match=no | lobbying_exact_match=no | campaign_context_bills= | lobbying_context_bills=118-hr-146; 118-hr-199; 118-hr-892; 118-hr-932; 118-hr-948; 118-hr-958; 118-hres-113,bill_law_lifecycle_next_actions; bill_law_evidence_spine; bill_finance_lobbying_review_queue; manual_bill_finance_lobbying_local_context_review; local_lobbying_issue_bill_context_review,external_current_bill_campaign_finance_target_search; external_current_bill_lobbying_search; reviewed_outside_spending_target; client_to_specific_bill; sponsor_or_member_target_beyond_activity_text_reference; committee_action_influence; roll_call_influence; legislative_outcome_causality; public_benefit_or_welfare_validation; causal_capture_validation; model_validation,https://www.congress.gov/bill/117th-congress/hr-bill/6899,"Manual bill-finance/lobbying local-context review only; reviewed rows show that current cached same-policy campaign-finance sponsor context and LDA issue/bill context do not contain the reviewed current bill ID. This does not show absence of campaign spending, outside-spending targets, lobbying activity, lobbying contacts, sponsor/member targeting, committee-action influence, roll-call influence, legislative-outcome causality, public benefit or welfare, causal capture, or model validation."
6,6,28,117-hr-7334,117-165,Commerce,L000569,R,MO,2022-03-31,2022-08-05,tier_3_representation_influence_context_candidate,12,4,0,0,0,,,no,9,20,0.00,45,118-hr-147; 118-hr-896; 118-hr-903; 118-s-38; 118-s-46,,Automotive Industry; Beverage Industry; Chemicals/Chemical Industry; Consumer Issues/Safety/Products; Manufacturing; Small Business; Tobacco; Trade (domestic/foreign); Travel/Tourism,no,same_policy_lobbying_context_needs_bill_specific_review,local_bill_finance_lobbying_review_queue,reviewed_no_local_campaign_context_available,local_campaign_context_absent,zero_local_campaign_context_rows_in_queue,reviewed_same_policy_lobbying_context_no_current_bill_match,local_lobbying_context_available_no_current_bill_id,same_policy_lobbying_issue_bill_context_has_no_reviewed_bill_id,reviewed_local_context_no_current_bill_specific_finance_or_lobbying_match,external_current_bill_lobbying_target_search_needed,no_outcome_influence_evidence,Local same-policy lobbying context reviewed; it does not contain the current bill ID and local campaign-finance context is absent.,OpenFEC independent-expenditure communication/target records; FEC committee and candidate transaction detail; Senate LDA filing text and bill-number mentions; committee-of-jurisdiction and action records; Congress.gov bill and public-law metadata,bill_id=117-hr-7334 | public_law=117-165 | policy_area=Commerce | campaign_exact_match=no | lobbying_exact_match=no | campaign_context_bills= | lobbying_context_bills=118-hr-147; 118-hr-896; 118-hr-903; 118-s-38; 118-s-46,bill_law_lifecycle_next_actions; bill_law_evidence_spine; bill_finance_lobbying_review_queue; manual_bill_finance_lobbying_local_context_review; local_lobbying_issue_bill_context_review,external_current_bill_campaign_finance_target_search; external_current_bill_lobbying_search; reviewed_outside_spending_target; client_to_specific_bill; sponsor_or_member_target_beyond_activity_text_reference; committee_action_influence; roll_call_influence; legislative_outcome_causality; public_benefit_or_welfare_validation; causal_capture_validation; model_validation,https://www.congress.gov/bill/117th-congress/hr-bill/7334,"Manual bill-finance/lobbying local-context review only; reviewed rows show that current cached same-policy campaign-finance sponsor context and LDA issue/bill context do not contain the reviewed current bill ID. This does not show absence of campaign spending, outside-spending targets, lobbying activity, lobbying contacts, sponsor/member targeting, committee-action influence, roll-call influence, legislative-outcome causality, public benefit or welfare, causal capture, or model validation."
7,7,36,117-s-3470,117-211,Government Operations and Politics,L000575,R,OK,2022-01-11,2022-10-17,tier_5_bill_action_context_only,8,4,1,1,1,118-s-12; 118-s-29; 118-s-56; 118-s-60; 118-s-9; 118-sjres-2,,no,1,3,0.00,15,118-hr-139; 118-hr-140; 118-hr-149; 118-hr-159; 118-hr-195; 118-hr-411; 118-hr-442; 118-hr-49; 118-hr-53; 118-hr-890; 118-hr-914; 118-hr-946; 118-hr-964; 118-s-12; 118-s-59,118-s-59,Government Issues,no,same_policy_finance_and_lobbying_context_needs_bill_specific_review,local_bill_finance_lobbying_review_queue,reviewed_same_policy_campaign_context_no_current_bill_match,local_campaign_context_available_no_current_bill_id,same_policy_candidate_sponsor_bill_context_has_no_reviewed_bill_id,reviewed_same_policy_lobbying_context_no_current_bill_match,local_lobbying_context_available_no_current_bill_id,same_policy_lobbying_issue_bill_context_has_no_reviewed_bill_id,reviewed_local_context_no_current_bill_specific_finance_or_lobbying_match,external_current_bill_lobbying_and_campaign_finance_target_search_needed,no_outcome_influence_evidence,Local same-policy campaign-finance and lobbying context reviewed; neither context contains the current bill ID.,OpenFEC independent-expenditure communication/target records; FEC committee and candidate transaction detail; Senate LDA filing text and bill-number mentions; committee-of-jurisdiction and action records; Congress.gov bill and public-law metadata,bill_id=117-s-3470 | public_law=117-211 | policy_area=Government Operations and Politics | campaign_exact_match=no | lobbying_exact_match=no | campaign_context_bills=118-s-12; 118-s-29; 118-s-56; 118-s-60; 118-s-9; 118-sjres-2 | lobbying_context_bills=118-hr-139; 118-hr-140; 118-hr-149; 118-hr-159; 118-hr-195; 118-hr-411; 118-hr-442; 118-hr-49; 118-hr-53; 118-hr-890; 118-hr-914; 118-hr-946; 118-hr-964; 118-s-12; 118-s-59,bill_law_lifecycle_next_actions; bill_law_evidence_spine; bill_finance_lobbying_review_queue; manual_bill_finance_lobbying_local_context_review; local_campaign_finance_sponsor_policy_context_review; local_lobbying_issue_bill_context_review,external_current_bill_campaign_finance_target_search; external_current_bill_lobbying_search; reviewed_outside_spending_target; client_to_specific_bill; sponsor_or_member_target_beyond_activity_text_reference; committee_action_influence; roll_call_influence; legislative_outcome_causality; public_benefit_or_welfare_validation; causal_capture_validation; model_validation,https://www.congress.gov/bill/117th-congress/s-bill/3470,"Manual bill-finance/lobbying local-context review only; reviewed rows show that current cached same-policy campaign-finance sponsor context and LDA issue/bill context do not contain the reviewed current bill ID. This does not show absence of campaign spending, outside-spending targets, lobbying activity, lobbying contacts, sponsor/member targeting, committee-action influence, roll-call influence, legislative-outcome causality, public benefit or welfare, causal capture, or model validation."
8,8,37,117-s-3969,117-182,Government Operations and Politics,L000570,D,NM,2022-03-30,2022-09-30,tier_5_bill_action_context_only,8,4,1,1,1,118-s-12; 118-s-29; 118-s-56; 118-s-60; 118-s-9; 118-sjres-2,,no,1,3,0.00,15,118-hr-139; 118-hr-140; 118-hr-149; 118-hr-159; 118-hr-195; 118-hr-411; 118-hr-442; 118-hr-49; 118-hr-53; 118-hr-890; 118-hr-914; 118-hr-946; 118-hr-964; 118-s-12; 118-s-59,118-s-59,Government Issues,no,same_policy_finance_and_lobbying_context_needs_bill_specific_review,local_bill_finance_lobbying_review_queue,reviewed_same_policy_campaign_context_no_current_bill_match,local_campaign_context_available_no_current_bill_id,same_policy_candidate_sponsor_bill_context_has_no_reviewed_bill_id,reviewed_same_policy_lobbying_context_no_current_bill_match,local_lobbying_context_available_no_current_bill_id,same_policy_lobbying_issue_bill_context_has_no_reviewed_bill_id,reviewed_local_context_no_current_bill_specific_finance_or_lobbying_match,external_current_bill_lobbying_and_campaign_finance_target_search_needed,no_outcome_influence_evidence,Local same-policy campaign-finance and lobbying context reviewed; neither context contains the current bill ID.,OpenFEC independent-expenditure communication/target records; FEC committee and candidate transaction detail; Senate LDA filing text and bill-number mentions; committee-of-jurisdiction and action records; Congress.gov bill and public-law metadata,bill_id=117-s-3969 | public_law=117-182 | policy_area=Government Operations and Politics | campaign_exact_match=no | lobbying_exact_match=no | campaign_context_bills=118-s-12; 118-s-29; 118-s-56; 118-s-60; 118-s-9; 118-sjres-2 | lobbying_context_bills=118-hr-139; 118-hr-140; 118-hr-149; 118-hr-159; 118-hr-195; 118-hr-411; 118-hr-442; 118-hr-49; 118-hr-53; 118-hr-890; 118-hr-914; 118-hr-946; 118-hr-964; 118-s-12; 118-s-59,bill_law_lifecycle_next_actions; bill_law_evidence_spine; bill_finance_lobbying_review_queue; manual_bill_finance_lobbying_local_context_review; local_campaign_finance_sponsor_policy_context_review; local_lobbying_issue_bill_context_review,external_current_bill_campaign_finance_target_search; external_current_bill_lobbying_search; reviewed_outside_spending_target; client_to_specific_bill; sponsor_or_member_target_beyond_activity_text_reference; committee_action_influence; roll_call_influence; legislative_outcome_causality; public_benefit_or_welfare_validation; causal_capture_validation; model_validation,https://www.congress.gov/bill/117th-congress/s-bill/3969,"Manual bill-finance/lobbying local-context review only; reviewed rows show that current cached same-policy campaign-finance sponsor context and LDA issue/bill context do not contain the reviewed current bill ID. This does not show absence of campaign spending, outside-spending targets, lobbying activity, lobbying contacts, sponsor/member targeting, committee-action influence, roll-call influence, legislative-outcome causality, public benefit or welfare, causal capture, or model validation."
9,9,39,117-s-3294,117-111,Congress,K000367,D,MN,2021-12-01,2022-04-13,tier_5_bill_action_context_only,5,4,2,2,2,118-s-12; 118-s-29; 118-s-43; 118-s-56; 118-s-60; 118-s-9; 118-sjres-1; 118-sjres-2,,no,0,0,0.00,0,,,,no,same_policy_campaign_finance_context_needs_bill_specific_review,local_bill_finance_lobbying_review_queue,reviewed_same_policy_campaign_context_no_current_bill_match,local_campaign_context_available_no_current_bill_id,same_policy_candidate_sponsor_bill_context_has_no_reviewed_bill_id,reviewed_no_local_lobbying_context_available,local_lobbying_context_absent,zero_local_lobbying_context_rows_in_queue,reviewed_local_context_no_current_bill_specific_finance_or_lobbying_match,external_current_bill_campaign_finance_target_search_needed,no_outcome_influence_evidence,Local same-policy campaign-finance context reviewed; it does not contain the current bill ID and local lobbying context is absent.,OpenFEC independent-expenditure communication/target records; FEC committee and candidate transaction detail; Senate LDA filing text and bill-number mentions; committee-of-jurisdiction and action records; Congress.gov bill and public-law metadata,bill_id=117-s-3294 | public_law=117-111 | policy_area=Congress | campaign_exact_match=no | lobbying_exact_match=no | campaign_context_bills=118-s-12; 118-s-29; 118-s-43; 118-s-56; 118-s-60; 118-s-9; 118-sjres-1; 118-sjres-2 | lobbying_context_bills=,bill_law_lifecycle_next_actions; bill_law_evidence_spine; bill_finance_lobbying_review_queue; manual_bill_finance_lobbying_local_context_review; local_campaign_finance_sponsor_policy_context_review,external_current_bill_campaign_finance_target_search; external_current_bill_lobbying_search; reviewed_outside_spending_target; client_to_specific_bill; sponsor_or_member_target_beyond_activity_text_reference; committee_action_influence; roll_call_influence; legislative_outcome_causality; public_benefit_or_welfare_validation; causal_capture_validation; model_validation,https://www.congress.gov/bill/117th-congress/s-bill/3294,"Manual bill-finance/lobbying local-context review only; reviewed rows show that current cached same-policy campaign-finance sponsor context and LDA issue/bill context do not contain the reviewed current bill ID. This does not show absence of campaign spending, outside-spending targets, lobbying activity, lobbying contacts, sponsor/member targeting, committee-action influence, roll-call influence, legislative-outcome causality, public benefit or welfare, causal capture, or model validation."
10,10,40,117-s-497,117-121,Public Lands and Natural Resources,S001198,R,AK,2021-03-01,2022-05-12,tier_5_bill_action_context_only,5,4,0,0,0,,,no,1,4,0.00,3,118-hr-188; 118-hr-189; 118-s-21,,Natural Resources,no,same_policy_lobbying_context_needs_bill_specific_review,local_bill_finance_lobbying_review_queue,reviewed_no_local_campaign_context_available,local_campaign_context_absent,zero_local_campaign_context_rows_in_queue,reviewed_same_policy_lobbying_context_no_current_bill_match,local_lobbying_context_available_no_current_bill_id,same_policy_lobbying_issue_bill_context_has_no_reviewed_bill_id,reviewed_local_context_no_current_bill_specific_finance_or_lobbying_match,external_current_bill_lobbying_target_search_needed,no_outcome_influence_evidence,Local same-policy lobbying context reviewed; it does not contain the current bill ID and local campaign-finance context is absent.,OpenFEC independent-expenditure communication/target records; FEC committee and candidate transaction detail; Senate LDA filing text and bill-number mentions; committee-of-jurisdiction and action records; Congress.gov bill and public-law metadata,bill_id=117-s-497 | public_law=117-121 | policy_area=Public Lands and Natural Resources | campaign_exact_match=no | lobbying_exact_match=no | campaign_context_bills= | lobbying_context_bills=118-hr-188; 118-hr-189; 118-s-21,bill_law_lifecycle_next_actions; bill_law_evidence_spine; bill_finance_lobbying_review_queue; manual_bill_finance_lobbying_local_context_review; local_lobbying_issue_bill_context_review,external_current_bill_campaign_finance_target_search; external_current_bill_lobbying_search; reviewed_outside_spending_target; client_to_specific_bill; sponsor_or_member_target_beyond_activity_text_reference; committee_action_influence; roll_call_influence; legislative_outcome_causality; public_benefit_or_welfare_validation; causal_capture_validation; model_validation,https://www.congress.gov/bill/117th-congress/s-bill/497,"Manual bill-finance/lobbying local-context review only; reviewed rows show that current cached same-policy campaign-finance sponsor context and LDA issue/bill context do not contain the reviewed current bill ID. This does not show absence of campaign spending, outside-spending targets, lobbying activity, lobbying contacts, sponsor/member targeting, committee-action influence, roll-call influence, legislative-outcome causality, public benefit or welfare, causal capture, or model validation."
