action_rank,base_review_priority_rank,bill_id,public_law_number,policy_area,lifecycle_readiness_tier,review_score,high_priority_gaps,closed_review_gates,closed_review_gate_count,actionable_high_priority_gaps,actionable_gap_count,court_direct_review_status,court_direct_review_rows,court_direct_review_direct_rows,court_direct_review_not_direct_rows,court_direct_review_temporal_exclusions,next_actionable_upgrade_gate,next_actionable_upgrade_reason,next_source_family,next_source_command,action_packet,claim_boundary
1,1,117-hr-1437,117-229,Economics and Public Finance,tier_1_rich_lifecycle_review_candidate,46,bill_topic_public_opinion; codified_usc_lineage; direct_case_to_public_law_identifier; reviewed_case_disposition_to_public_law; complete_regulations_comments; unified_agenda_stage; implementation_outcomes_or_enforcement; full_bill_progression_census_overlap,direct_case_to_public_law_identifier; reviewed_case_disposition_to_public_law,2,bill_topic_public_opinion; codified_usc_lineage; complete_regulations_comments; full_bill_progression_census_overlap; implementation_outcomes_or_enforcement; unified_agenda_stage,6,all_queued_court_overlaps_closed_without_direct_public_law_review,10,0,0,10,codified_usc_lineage,court direct-review tasks are closed or lower priority; authority text makes codified statutory lineage the next actionable gate,Statutory revision and law lineage,make build-law-revision-bill-linkage-raw,bill_id=117-hr-1437 | public_law=117-229 | base_rank=1 | closed_review_gates=direct_case_to_public_law_identifier; reviewed_case_disposition_to_public_law | next_actionable_gate=codified_usc_lineage,"Post-direct-review lifecycle action queue only; closed gates reflect temporal exclusions or source-reviewed not-direct dispositions for queued court/public-law overlaps. This report does not create bill-topic public support, bill-specific finance/lobbying influence, direct court-review evidence beyond the reviewed disposition, implementation outcomes, codified statutory lineage, causal effects, welfare, or model validation."
2,2,117-hr-5376,117-169,Economics and Public Finance,tier_1_rich_lifecycle_review_candidate,46,bill_topic_public_opinion; codified_usc_lineage; direct_case_to_public_law_identifier; reviewed_case_disposition_to_public_law; complete_regulations_comments; unified_agenda_stage; implementation_outcomes_or_enforcement; full_bill_progression_census_overlap,direct_case_to_public_law_identifier; reviewed_case_disposition_to_public_law,2,bill_topic_public_opinion; codified_usc_lineage; complete_regulations_comments; full_bill_progression_census_overlap; implementation_outcomes_or_enforcement; unified_agenda_stage,6,all_queued_court_overlaps_closed_without_direct_public_law_review,6,0,0,6,codified_usc_lineage,court direct-review tasks are closed or lower priority; authority text makes codified statutory lineage the next actionable gate,Statutory revision and law lineage,make build-law-revision-bill-linkage-raw,bill_id=117-hr-5376 | public_law=117-169 | base_rank=2 | closed_review_gates=direct_case_to_public_law_identifier; reviewed_case_disposition_to_public_law | next_actionable_gate=codified_usc_lineage,"Post-direct-review lifecycle action queue only; closed gates reflect temporal exclusions or source-reviewed not-direct dispositions for queued court/public-law overlaps. This report does not create bill-topic public support, bill-specific finance/lobbying influence, direct court-review evidence beyond the reviewed disposition, implementation outcomes, codified statutory lineage, causal effects, welfare, or model validation."
3,3,117-hr-6833,117-180,Economics and Public Finance,tier_1_rich_lifecycle_review_candidate,46,bill_topic_public_opinion; codified_usc_lineage; direct_case_to_public_law_identifier; reviewed_case_disposition_to_public_law; complete_regulations_comments; unified_agenda_stage; implementation_outcomes_or_enforcement; full_bill_progression_census_overlap,direct_case_to_public_law_identifier; reviewed_case_disposition_to_public_law,2,bill_topic_public_opinion; codified_usc_lineage; complete_regulations_comments; full_bill_progression_census_overlap; implementation_outcomes_or_enforcement; unified_agenda_stage,6,all_queued_court_overlaps_closed_without_direct_public_law_review,6,0,0,6,codified_usc_lineage,court direct-review tasks are closed or lower priority; authority text makes codified statutory lineage the next actionable gate,Statutory revision and law lineage,make build-law-revision-bill-linkage-raw,bill_id=117-hr-6833 | public_law=117-180 | base_rank=3 | closed_review_gates=direct_case_to_public_law_identifier; reviewed_case_disposition_to_public_law | next_actionable_gate=codified_usc_lineage,"Post-direct-review lifecycle action queue only; closed gates reflect temporal exclusions or source-reviewed not-direct dispositions for queued court/public-law overlaps. This report does not create bill-topic public support, bill-specific finance/lobbying influence, direct court-review evidence beyond the reviewed disposition, implementation outcomes, codified statutory lineage, causal effects, welfare, or model validation."
4,4,117-hr-7776,117-263,Armed Forces and National Security,tier_1_rich_lifecycle_review_candidate,46,bill_topic_public_opinion; codified_usc_lineage; direct_case_to_public_law_identifier; reviewed_case_disposition_to_public_law; complete_regulations_comments; unified_agenda_stage; implementation_outcomes_or_enforcement; full_bill_progression_census_overlap,direct_case_to_public_law_identifier; reviewed_case_disposition_to_public_law,2,bill_topic_public_opinion; codified_usc_lineage; complete_regulations_comments; full_bill_progression_census_overlap; implementation_outcomes_or_enforcement; unified_agenda_stage,6,all_queued_court_overlaps_closed_without_direct_public_law_review,3,0,0,3,codified_usc_lineage,court direct-review tasks are closed or lower priority; authority text makes codified statutory lineage the next actionable gate,Statutory revision and law lineage,make build-law-revision-bill-linkage-raw,bill_id=117-hr-7776 | public_law=117-263 | base_rank=4 | closed_review_gates=direct_case_to_public_law_identifier; reviewed_case_disposition_to_public_law | next_actionable_gate=codified_usc_lineage,"Post-direct-review lifecycle action queue only; closed gates reflect temporal exclusions or source-reviewed not-direct dispositions for queued court/public-law overlaps. This report does not create bill-topic public support, bill-specific finance/lobbying influence, direct court-review evidence beyond the reviewed disposition, implementation outcomes, codified statutory lineage, causal effects, welfare, or model validation."
5,5,117-hr-7925,117-238,Armed Forces and National Security,tier_1_rich_lifecycle_review_candidate,43,bill_topic_public_opinion; bill_specific_campaign_finance_or_lobbying_to_bill; direct_case_to_public_law_identifier; reviewed_case_disposition_to_public_law; complete_regulations_comments; unified_agenda_stage; implementation_outcomes_or_enforcement; full_bill_progression_census_overlap,direct_case_to_public_law_identifier; reviewed_case_disposition_to_public_law,2,bill_specific_campaign_finance_or_lobbying_to_bill; bill_topic_public_opinion; complete_regulations_comments; full_bill_progression_census_overlap; implementation_outcomes_or_enforcement; unified_agenda_stage,6,all_queued_court_overlaps_closed_without_direct_public_law_review,3,0,0,3,complete_regulations_comments,"comment-portal metadata exists, so complete comment retrieval is the next rulemaking gate",Rulemaking implementation and enforcement,make build-rulemaking-comment-metadata-raw,bill_id=117-hr-7925 | public_law=117-238 | base_rank=5 | closed_review_gates=direct_case_to_public_law_identifier; reviewed_case_disposition_to_public_law | next_actionable_gate=complete_regulations_comments,"Post-direct-review lifecycle action queue only; closed gates reflect temporal exclusions or source-reviewed not-direct dispositions for queued court/public-law overlaps. This report does not create bill-topic public support, bill-specific finance/lobbying influence, direct court-review evidence beyond the reviewed disposition, implementation outcomes, codified statutory lineage, causal effects, welfare, or model validation."
6,6,117-hr-6604,117-297,Armed Forces and National Security,tier_2_implementation_chain_candidate,42,bill_topic_public_opinion; codified_usc_lineage; complete_regulations_comments; unified_agenda_stage; implementation_outcomes_or_enforcement; full_bill_progression_census_overlap,,0,bill_topic_public_opinion; codified_usc_lineage; complete_regulations_comments; full_bill_progression_census_overlap; implementation_outcomes_or_enforcement; unified_agenda_stage,6,no_queued_court_public_law_overlap,0,0,0,0,codified_usc_lineage,court direct-review tasks are closed or lower priority; authority text makes codified statutory lineage the next actionable gate,Statutory revision and law lineage,make build-law-revision-bill-linkage-raw,bill_id=117-hr-6604 | public_law=117-297 | base_rank=6 | closed_review_gates=none | next_actionable_gate=codified_usc_lineage,"Post-direct-review lifecycle action queue only; closed gates reflect temporal exclusions or source-reviewed not-direct dispositions for queued court/public-law overlaps. This report does not create bill-topic public support, bill-specific finance/lobbying influence, direct court-review evidence beyond the reviewed disposition, implementation outcomes, codified statutory lineage, causal effects, welfare, or model validation."
7,7,117-hr-7132,117-223,"Science, Technology, Communications",tier_1_rich_lifecycle_review_candidate,40,bill_topic_public_opinion; codified_usc_lineage; direct_case_to_public_law_identifier; reviewed_case_disposition_to_public_law; complete_regulations_comments; unified_agenda_stage; implementation_outcomes_or_enforcement; full_bill_progression_census_overlap,direct_case_to_public_law_identifier; reviewed_case_disposition_to_public_law,2,bill_topic_public_opinion; codified_usc_lineage; complete_regulations_comments; full_bill_progression_census_overlap; implementation_outcomes_or_enforcement; unified_agenda_stage,6,all_queued_court_overlaps_closed_without_direct_public_law_review,1,0,0,1,codified_usc_lineage,court direct-review tasks are closed or lower priority; authority text makes codified statutory lineage the next actionable gate,Statutory revision and law lineage,make build-law-revision-bill-linkage-raw,bill_id=117-hr-7132 | public_law=117-223 | base_rank=7 | closed_review_gates=direct_case_to_public_law_identifier; reviewed_case_disposition_to_public_law | next_actionable_gate=codified_usc_lineage,"Post-direct-review lifecycle action queue only; closed gates reflect temporal exclusions or source-reviewed not-direct dispositions for queued court/public-law overlaps. This report does not create bill-topic public support, bill-specific finance/lobbying influence, direct court-review evidence beyond the reviewed disposition, implementation outcomes, codified statutory lineage, causal effects, welfare, or model validation."
8,9,117-s-3373,117-168,Armed Forces and National Security,tier_1_rich_lifecycle_review_candidate,39,bill_topic_public_opinion; codified_usc_lineage; direct_case_to_public_law_identifier; reviewed_case_disposition_to_public_law; complete_regulations_comments; unified_agenda_stage; implementation_outcomes_or_enforcement; full_bill_progression_census_overlap,direct_case_to_public_law_identifier; reviewed_case_disposition_to_public_law,2,bill_topic_public_opinion; codified_usc_lineage; complete_regulations_comments; full_bill_progression_census_overlap; implementation_outcomes_or_enforcement; unified_agenda_stage,6,all_queued_court_overlaps_closed_without_direct_public_law_review,1,0,1,0,codified_usc_lineage,court direct-review tasks are closed or lower priority; authority text makes codified statutory lineage the next actionable gate,Statutory revision and law lineage,make build-law-revision-bill-linkage-raw,bill_id=117-s-3373 | public_law=117-168 | base_rank=9 | closed_review_gates=direct_case_to_public_law_identifier; reviewed_case_disposition_to_public_law | next_actionable_gate=codified_usc_lineage,"Post-direct-review lifecycle action queue only; closed gates reflect temporal exclusions or source-reviewed not-direct dispositions for queued court/public-law overlaps. This report does not create bill-topic public support, bill-specific finance/lobbying influence, direct court-review evidence beyond the reviewed disposition, implementation outcomes, codified statutory lineage, causal effects, welfare, or model validation."
9,8,117-hr-4346,117-167,"Science, Technology, Communications",tier_2_implementation_chain_candidate,39,bill_topic_public_opinion; codified_usc_lineage; complete_regulations_comments; unified_agenda_stage; implementation_outcomes_or_enforcement; full_bill_progression_census_overlap,,0,bill_topic_public_opinion; codified_usc_lineage; complete_regulations_comments; full_bill_progression_census_overlap; implementation_outcomes_or_enforcement; unified_agenda_stage,6,no_queued_court_public_law_overlap,0,0,0,0,codified_usc_lineage,court direct-review tasks are closed or lower priority; authority text makes codified statutory lineage the next actionable gate,Statutory revision and law lineage,make build-law-revision-bill-linkage-raw,bill_id=117-hr-4346 | public_law=117-167 | base_rank=8 | closed_review_gates=none | next_actionable_gate=codified_usc_lineage,"Post-direct-review lifecycle action queue only; closed gates reflect temporal exclusions or source-reviewed not-direct dispositions for queued court/public-law overlaps. This report does not create bill-topic public support, bill-specific finance/lobbying influence, direct court-review evidence beyond the reviewed disposition, implementation outcomes, codified statutory lineage, causal effects, welfare, or model validation."
10,10,117-hr-2472,117-269,Government Operations and Politics,tier_2_implementation_chain_candidate,37,bill_topic_public_opinion; direct_case_to_public_law_identifier; reviewed_case_disposition_to_public_law; unified_agenda_stage; implementation_outcomes_or_enforcement; full_bill_progression_census_overlap,direct_case_to_public_law_identifier; reviewed_case_disposition_to_public_law,2,bill_topic_public_opinion; full_bill_progression_census_overlap; implementation_outcomes_or_enforcement; unified_agenda_stage,4,all_queued_court_overlaps_closed_without_direct_public_law_review,2,0,0,2,bill_topic_public_opinion,"sponsor-district context exists, so the next gate is bill-topic support or affected-group evidence",District public opinion and affected groups,make build-district-public-opinion-policy-context-raw,bill_id=117-hr-2472 | public_law=117-269 | base_rank=10 | closed_review_gates=direct_case_to_public_law_identifier; reviewed_case_disposition_to_public_law | next_actionable_gate=bill_topic_public_opinion,"Post-direct-review lifecycle action queue only; closed gates reflect temporal exclusions or source-reviewed not-direct dispositions for queued court/public-law overlaps. This report does not create bill-topic public support, bill-specific finance/lobbying influence, direct court-review evidence beyond the reviewed disposition, implementation outcomes, codified statutory lineage, causal effects, welfare, or model validation."
11,11,117-s-516,117-203,Transportation and Public Works,tier_1_rich_lifecycle_review_candidate,36,bill_topic_public_opinion; codified_usc_lineage; direct_case_to_public_law_identifier; reviewed_case_disposition_to_public_law; complete_regulations_comments; unified_agenda_stage; implementation_outcomes_or_enforcement; full_bill_progression_census_overlap,direct_case_to_public_law_identifier; reviewed_case_disposition_to_public_law,2,bill_topic_public_opinion; codified_usc_lineage; complete_regulations_comments; full_bill_progression_census_overlap; implementation_outcomes_or_enforcement; unified_agenda_stage,6,all_queued_court_overlaps_closed_without_direct_public_law_review,2,0,0,2,codified_usc_lineage,court direct-review tasks are closed or lower priority; authority text makes codified statutory lineage the next actionable gate,Statutory revision and law lineage,make build-law-revision-bill-linkage-raw,bill_id=117-s-516 | public_law=117-203 | base_rank=11 | closed_review_gates=direct_case_to_public_law_identifier; reviewed_case_disposition_to_public_law | next_actionable_gate=codified_usc_lineage,"Post-direct-review lifecycle action queue only; closed gates reflect temporal exclusions or source-reviewed not-direct dispositions for queued court/public-law overlaps. This report does not create bill-topic public support, bill-specific finance/lobbying influence, direct court-review evidence beyond the reviewed disposition, implementation outcomes, codified statutory lineage, causal effects, welfare, or model validation."
12,12,117-s-4458,117-174,Armed Forces and National Security,tier_2_implementation_chain_candidate,35,bill_topic_public_opinion; codified_usc_lineage; complete_regulations_comments; unified_agenda_stage; implementation_outcomes_or_enforcement; full_bill_progression_census_overlap,,0,bill_topic_public_opinion; codified_usc_lineage; complete_regulations_comments; full_bill_progression_census_overlap; implementation_outcomes_or_enforcement; unified_agenda_stage,6,no_queued_court_public_law_overlap,0,0,0,0,codified_usc_lineage,court direct-review tasks are closed or lower priority; authority text makes codified statutory lineage the next actionable gate,Statutory revision and law lineage,make build-law-revision-bill-linkage-raw,bill_id=117-s-4458 | public_law=117-174 | base_rank=12 | closed_review_gates=none | next_actionable_gate=codified_usc_lineage,"Post-direct-review lifecycle action queue only; closed gates reflect temporal exclusions or source-reviewed not-direct dispositions for queued court/public-law overlaps. This report does not create bill-topic public support, bill-specific finance/lobbying influence, direct court-review evidence beyond the reviewed disposition, implementation outcomes, codified statutory lineage, causal effects, welfare, or model validation."
13,13,117-s-3580,117-146,Transportation and Public Works,tier_2_implementation_chain_candidate,32,bill_topic_public_opinion; codified_usc_lineage; complete_regulations_comments; unified_agenda_stage; implementation_outcomes_or_enforcement; full_bill_progression_census_overlap,,0,bill_topic_public_opinion; codified_usc_lineage; complete_regulations_comments; full_bill_progression_census_overlap; implementation_outcomes_or_enforcement; unified_agenda_stage,6,no_queued_court_public_law_overlap,0,0,0,0,codified_usc_lineage,court direct-review tasks are closed or lower priority; authority text makes codified statutory lineage the next actionable gate,Statutory revision and law lineage,make build-law-revision-bill-linkage-raw,bill_id=117-s-3580 | public_law=117-146 | base_rank=13 | closed_review_gates=none | next_actionable_gate=codified_usc_lineage,"Post-direct-review lifecycle action queue only; closed gates reflect temporal exclusions or source-reviewed not-direct dispositions for queued court/public-law overlaps. This report does not create bill-topic public support, bill-specific finance/lobbying influence, direct court-review evidence beyond the reviewed disposition, implementation outcomes, codified statutory lineage, causal effects, welfare, or model validation."
14,14,117-s-1941,117-219,Government Operations and Politics,tier_2_implementation_chain_candidate,31,bill_topic_public_opinion; bill_specific_campaign_finance_or_lobbying_to_bill; codified_usc_lineage; complete_regulations_comments; unified_agenda_stage; implementation_outcomes_or_enforcement; full_bill_progression_census_overlap,,0,bill_specific_campaign_finance_or_lobbying_to_bill; bill_topic_public_opinion; codified_usc_lineage; complete_regulations_comments; full_bill_progression_census_overlap; implementation_outcomes_or_enforcement; unified_agenda_stage,7,no_queued_court_public_law_overlap,0,0,0,0,codified_usc_lineage,court direct-review tasks are closed or lower priority; authority text makes codified statutory lineage the next actionable gate,Statutory revision and law lineage,make build-law-revision-bill-linkage-raw,bill_id=117-s-1941 | public_law=117-219 | base_rank=14 | closed_review_gates=none | next_actionable_gate=codified_usc_lineage,"Post-direct-review lifecycle action queue only; closed gates reflect temporal exclusions or source-reviewed not-direct dispositions for queued court/public-law overlaps. This report does not create bill-topic public support, bill-specific finance/lobbying influence, direct court-review evidence beyond the reviewed disposition, implementation outcomes, codified statutory lineage, causal effects, welfare, or model validation."
15,15,117-hr-7352,117-166,Commerce,tier_2_implementation_chain_candidate,21,bill_topic_public_opinion; bill_specific_campaign_finance_or_lobbying_to_bill; codified_usc_lineage; complete_regulations_comments; unified_agenda_stage; implementation_outcomes_or_enforcement; full_bill_progression_census_overlap,,0,bill_specific_campaign_finance_or_lobbying_to_bill; bill_topic_public_opinion; codified_usc_lineage; complete_regulations_comments; full_bill_progression_census_overlap; implementation_outcomes_or_enforcement; unified_agenda_stage,7,no_queued_court_public_law_overlap,0,0,0,0,codified_usc_lineage,court direct-review tasks are closed or lower priority; authority text makes codified statutory lineage the next actionable gate,Statutory revision and law lineage,make build-law-revision-bill-linkage-raw,bill_id=117-hr-7352 | public_law=117-166 | base_rank=15 | closed_review_gates=none | next_actionable_gate=codified_usc_lineage,"Post-direct-review lifecycle action queue only; closed gates reflect temporal exclusions or source-reviewed not-direct dispositions for queued court/public-law overlaps. This report does not create bill-topic public support, bill-specific finance/lobbying influence, direct court-review evidence beyond the reviewed disposition, implementation outcomes, codified statutory lineage, causal effects, welfare, or model validation."
16,16,117-hr-1652,117-27,Crime and Law Enforcement,tier_3_representation_influence_context_candidate,16,bill_topic_public_opinion; codified_usc_lineage; full_bill_progression_census_overlap,,0,bill_topic_public_opinion; codified_usc_lineage; full_bill_progression_census_overlap,3,no_queued_court_public_law_overlap,0,0,0,0,bill_topic_public_opinion,"sponsor-district context exists, so the next gate is bill-topic support or affected-group evidence",District public opinion and affected groups,make build-district-public-opinion-policy-context-raw,bill_id=117-hr-1652 | public_law=117-27 | base_rank=16 | closed_review_gates=none | next_actionable_gate=bill_topic_public_opinion,"Post-direct-review lifecycle action queue only; closed gates reflect temporal exclusions or source-reviewed not-direct dispositions for queued court/public-law overlaps. This report does not create bill-topic public support, bill-specific finance/lobbying influence, direct court-review evidence beyond the reviewed disposition, implementation outcomes, codified statutory lineage, causal effects, welfare, or model validation."
17,17,117-hr-3113,117-114,Public Lands and Natural Resources,tier_3_representation_influence_context_candidate,16,bill_topic_public_opinion; codified_usc_lineage; full_bill_progression_census_overlap,,0,bill_topic_public_opinion; codified_usc_lineage; full_bill_progression_census_overlap,3,no_queued_court_public_law_overlap,0,0,0,0,bill_topic_public_opinion,"sponsor-district context exists, so the next gate is bill-topic support or affected-group evidence",District public opinion and affected groups,make build-district-public-opinion-policy-context-raw,bill_id=117-hr-3113 | public_law=117-114 | base_rank=17 | closed_review_gates=none | next_actionable_gate=bill_topic_public_opinion,"Post-direct-review lifecycle action queue only; closed gates reflect temporal exclusions or source-reviewed not-direct dispositions for queued court/public-law overlaps. This report does not create bill-topic public support, bill-specific finance/lobbying influence, direct court-review evidence beyond the reviewed disposition, implementation outcomes, codified statutory lineage, causal effects, welfare, or model validation."
18,18,117-hr-6943,117-172,Crime and Law Enforcement,tier_3_representation_influence_context_candidate,16,bill_topic_public_opinion; codified_usc_lineage; full_bill_progression_census_overlap,,0,bill_topic_public_opinion; codified_usc_lineage; full_bill_progression_census_overlap,3,no_queued_court_public_law_overlap,0,0,0,0,bill_topic_public_opinion,"sponsor-district context exists, so the next gate is bill-topic support or affected-group evidence",District public opinion and affected groups,make build-district-public-opinion-policy-context-raw,bill_id=117-hr-6943 | public_law=117-172 | base_rank=18 | closed_review_gates=none | next_actionable_gate=bill_topic_public_opinion,"Post-direct-review lifecycle action queue only; closed gates reflect temporal exclusions or source-reviewed not-direct dispositions for queued court/public-law overlaps. This report does not create bill-topic public support, bill-specific finance/lobbying influence, direct court-review evidence beyond the reviewed disposition, implementation outcomes, codified statutory lineage, causal effects, welfare, or model validation."
19,19,117-hr-8404,117-228,"Civil Rights and Liberties, Minority Issues",tier_3_representation_influence_context_candidate,16,bill_topic_public_opinion; codified_usc_lineage; full_bill_progression_census_overlap,,0,bill_topic_public_opinion; codified_usc_lineage; full_bill_progression_census_overlap,3,no_queued_court_public_law_overlap,0,0,0,0,bill_topic_public_opinion,"sponsor-district context exists, so the next gate is bill-topic support or affected-group evidence",District public opinion and affected groups,make build-district-public-opinion-policy-context-raw,bill_id=117-hr-8404 | public_law=117-228 | base_rank=19 | closed_review_gates=none | next_actionable_gate=bill_topic_public_opinion,"Post-direct-review lifecycle action queue only; closed gates reflect temporal exclusions or source-reviewed not-direct dispositions for queued court/public-law overlaps. This report does not create bill-topic public support, bill-specific finance/lobbying influence, direct court-review evidence beyond the reviewed disposition, implementation outcomes, codified statutory lineage, causal effects, welfare, or model validation."
20,20,117-hr-8454,117-215,Crime and Law Enforcement,tier_3_representation_influence_context_candidate,16,bill_topic_public_opinion; codified_usc_lineage; full_bill_progression_census_overlap,,0,bill_topic_public_opinion; codified_usc_lineage; full_bill_progression_census_overlap,3,no_queued_court_public_law_overlap,0,0,0,0,bill_topic_public_opinion,"sponsor-district context exists, so the next gate is bill-topic support or affected-group evidence",District public opinion and affected groups,make build-district-public-opinion-policy-context-raw,bill_id=117-hr-8454 | public_law=117-215 | base_rank=20 | closed_review_gates=none | next_actionable_gate=bill_topic_public_opinion,"Post-direct-review lifecycle action queue only; closed gates reflect temporal exclusions or source-reviewed not-direct dispositions for queued court/public-law overlaps. This report does not create bill-topic public support, bill-specific finance/lobbying influence, direct court-review evidence beyond the reviewed disposition, implementation outcomes, codified statutory lineage, causal effects, welfare, or model validation."
21,21,117-hr-6386,117-295,Government Operations and Politics,tier_3_representation_influence_context_candidate,15,bill_topic_public_opinion; bill_specific_campaign_finance_or_lobbying_to_bill; codified_usc_lineage; full_bill_progression_census_overlap,,0,bill_specific_campaign_finance_or_lobbying_to_bill; bill_topic_public_opinion; codified_usc_lineage; full_bill_progression_census_overlap,4,no_queued_court_public_law_overlap,0,0,0,0,bill_specific_campaign_finance_or_lobbying_to_bill,"same-policy finance or lobbying context exists, so the next gate is a bill-specific link",OpenFEC campaign finance; Senate LDA lobbying disclosures,make build-lobbying-bill-mentions-raw && make lobbying-bill-mention-review,bill_id=117-hr-6386 | public_law=117-295 | base_rank=21 | closed_review_gates=none | next_actionable_gate=bill_specific_campaign_finance_or_lobbying_to_bill,"Post-direct-review lifecycle action queue only; closed gates reflect temporal exclusions or source-reviewed not-direct dispositions for queued court/public-law overlaps. This report does not create bill-topic public support, bill-specific finance/lobbying influence, direct court-review evidence beyond the reviewed disposition, implementation outcomes, codified statutory lineage, causal effects, welfare, or model validation."
22,22,117-s-233,117-115,Government Operations and Politics,tier_5_bill_action_context_only,12,bill_topic_public_opinion; codified_usc_lineage; full_bill_progression_census_overlap,,0,bill_topic_public_opinion; codified_usc_lineage; full_bill_progression_census_overlap,3,no_queued_court_public_law_overlap,0,0,0,0,full_bill_progression_census_overlap,fuller bill/action coverage is required before stronger bill-flow claims,Congress.gov bill histories; govinfo bill and action records,make build-govinfo-billstatus-linkage-raw,bill_id=117-s-233 | public_law=117-115 | base_rank=22 | closed_review_gates=none | next_actionable_gate=full_bill_progression_census_overlap,"Post-direct-review lifecycle action queue only; closed gates reflect temporal exclusions or source-reviewed not-direct dispositions for queued court/public-law overlaps. This report does not create bill-topic public support, bill-specific finance/lobbying influence, direct court-review evidence beyond the reviewed disposition, implementation outcomes, codified statutory lineage, causal effects, welfare, or model validation."
23,23,117-s-2687,117-136,Armed Forces and National Security,tier_5_bill_action_context_only,12,bill_topic_public_opinion; codified_usc_lineage; full_bill_progression_census_overlap,,0,bill_topic_public_opinion; codified_usc_lineage; full_bill_progression_census_overlap,3,no_queued_court_public_law_overlap,0,0,0,0,full_bill_progression_census_overlap,fuller bill/action coverage is required before stronger bill-flow claims,Congress.gov bill histories; govinfo bill and action records,make build-govinfo-billstatus-linkage-raw,bill_id=117-s-2687 | public_law=117-136 | base_rank=23 | closed_review_gates=none | next_actionable_gate=full_bill_progression_census_overlap,"Post-direct-review lifecycle action queue only; closed gates reflect temporal exclusions or source-reviewed not-direct dispositions for queued court/public-law overlaps. This report does not create bill-topic public support, bill-specific finance/lobbying influence, direct court-review evidence beyond the reviewed disposition, implementation outcomes, codified statutory lineage, causal effects, welfare, or model validation."
24,24,117-hr-1842,117-163,Finance and Financial Sector,tier_3_representation_influence_context_candidate,12,bill_topic_public_opinion; bill_specific_campaign_finance_or_lobbying_to_bill; codified_usc_lineage; full_bill_progression_census_overlap,,0,bill_specific_campaign_finance_or_lobbying_to_bill; bill_topic_public_opinion; codified_usc_lineage; full_bill_progression_census_overlap,4,no_queued_court_public_law_overlap,0,0,0,0,bill_specific_campaign_finance_or_lobbying_to_bill,"same-policy finance or lobbying context exists, so the next gate is a bill-specific link",OpenFEC campaign finance; Senate LDA lobbying disclosures,make build-lobbying-bill-mentions-raw && make lobbying-bill-mention-review,bill_id=117-hr-1842 | public_law=117-163 | base_rank=24 | closed_review_gates=none | next_actionable_gate=bill_specific_campaign_finance_or_lobbying_to_bill,"Post-direct-review lifecycle action queue only; closed gates reflect temporal exclusions or source-reviewed not-direct dispositions for queued court/public-law overlaps. This report does not create bill-topic public support, bill-specific finance/lobbying influence, direct court-review evidence beyond the reviewed disposition, implementation outcomes, codified statutory lineage, causal effects, welfare, or model validation."
25,25,117-hr-3359,117-164,Crime and Law Enforcement,tier_3_representation_influence_context_candidate,12,bill_topic_public_opinion; bill_specific_campaign_finance_or_lobbying_to_bill; codified_usc_lineage; full_bill_progression_census_overlap,,0,bill_specific_campaign_finance_or_lobbying_to_bill; bill_topic_public_opinion; codified_usc_lineage; full_bill_progression_census_overlap,4,no_queued_court_public_law_overlap,0,0,0,0,bill_specific_campaign_finance_or_lobbying_to_bill,"same-policy finance or lobbying context exists, so the next gate is a bill-specific link",OpenFEC campaign finance; Senate LDA lobbying disclosures,make build-lobbying-bill-mentions-raw && make lobbying-bill-mention-review,bill_id=117-hr-3359 | public_law=117-164 | base_rank=25 | closed_review_gates=none | next_actionable_gate=bill_specific_campaign_finance_or_lobbying_to_bill,"Post-direct-review lifecycle action queue only; closed gates reflect temporal exclusions or source-reviewed not-direct dispositions for queued court/public-law overlaps. This report does not create bill-topic public support, bill-specific finance/lobbying influence, direct court-review evidence beyond the reviewed disposition, implementation outcomes, codified statutory lineage, causal effects, welfare, or model validation."
26,26,117-hr-4693,117-214,International Affairs,tier_3_representation_influence_context_candidate,12,bill_topic_public_opinion; bill_specific_campaign_finance_or_lobbying_to_bill; codified_usc_lineage; full_bill_progression_census_overlap,,0,bill_specific_campaign_finance_or_lobbying_to_bill; bill_topic_public_opinion; codified_usc_lineage; full_bill_progression_census_overlap,4,no_queued_court_public_law_overlap,0,0,0,0,bill_specific_campaign_finance_or_lobbying_to_bill,"same-policy finance or lobbying context exists, so the next gate is a bill-specific link",OpenFEC campaign finance; Senate LDA lobbying disclosures,make build-lobbying-bill-mentions-raw && make lobbying-bill-mention-review,bill_id=117-hr-4693 | public_law=117-214 | base_rank=26 | closed_review_gates=none | next_actionable_gate=bill_specific_campaign_finance_or_lobbying_to_bill,"Post-direct-review lifecycle action queue only; closed gates reflect temporal exclusions or source-reviewed not-direct dispositions for queued court/public-law overlaps. This report does not create bill-topic public support, bill-specific finance/lobbying influence, direct court-review evidence beyond the reviewed disposition, implementation outcomes, codified statutory lineage, causal effects, welfare, or model validation."
27,27,117-hr-6899,117-185,International Affairs,tier_3_representation_influence_context_candidate,12,bill_topic_public_opinion; bill_specific_campaign_finance_or_lobbying_to_bill; codified_usc_lineage; full_bill_progression_census_overlap,,0,bill_specific_campaign_finance_or_lobbying_to_bill; bill_topic_public_opinion; codified_usc_lineage; full_bill_progression_census_overlap,4,no_queued_court_public_law_overlap,0,0,0,0,bill_specific_campaign_finance_or_lobbying_to_bill,"same-policy finance or lobbying context exists, so the next gate is a bill-specific link",OpenFEC campaign finance; Senate LDA lobbying disclosures,make build-lobbying-bill-mentions-raw && make lobbying-bill-mention-review,bill_id=117-hr-6899 | public_law=117-185 | base_rank=27 | closed_review_gates=none | next_actionable_gate=bill_specific_campaign_finance_or_lobbying_to_bill,"Post-direct-review lifecycle action queue only; closed gates reflect temporal exclusions or source-reviewed not-direct dispositions for queued court/public-law overlaps. This report does not create bill-topic public support, bill-specific finance/lobbying influence, direct court-review evidence beyond the reviewed disposition, implementation outcomes, codified statutory lineage, causal effects, welfare, or model validation."
28,28,117-hr-7334,117-165,Commerce,tier_3_representation_influence_context_candidate,12,bill_topic_public_opinion; bill_specific_campaign_finance_or_lobbying_to_bill; codified_usc_lineage; full_bill_progression_census_overlap,,0,bill_specific_campaign_finance_or_lobbying_to_bill; bill_topic_public_opinion; codified_usc_lineage; full_bill_progression_census_overlap,4,no_queued_court_public_law_overlap,0,0,0,0,bill_specific_campaign_finance_or_lobbying_to_bill,"same-policy finance or lobbying context exists, so the next gate is a bill-specific link",OpenFEC campaign finance; Senate LDA lobbying disclosures,make build-lobbying-bill-mentions-raw && make lobbying-bill-mention-review,bill_id=117-hr-7334 | public_law=117-165 | base_rank=28 | closed_review_gates=none | next_actionable_gate=bill_specific_campaign_finance_or_lobbying_to_bill,"Post-direct-review lifecycle action queue only; closed gates reflect temporal exclusions or source-reviewed not-direct dispositions for queued court/public-law overlaps. This report does not create bill-topic public support, bill-specific finance/lobbying influence, direct court-review evidence beyond the reviewed disposition, implementation outcomes, codified statutory lineage, causal effects, welfare, or model validation."
29,29,117-s-2089,117-158,Agriculture and Food,tier_5_bill_action_context_only,9,bill_topic_public_opinion; codified_usc_lineage; full_bill_progression_census_overlap,,0,bill_topic_public_opinion; codified_usc_lineage; full_bill_progression_census_overlap,3,no_queued_court_public_law_overlap,0,0,0,0,full_bill_progression_census_overlap,fuller bill/action coverage is required before stronger bill-flow claims,Congress.gov bill histories; govinfo bill and action records,make build-govinfo-billstatus-linkage-raw,bill_id=117-s-2089 | public_law=117-158 | base_rank=29 | closed_review_gates=none | next_actionable_gate=full_bill_progression_census_overlap,"Post-direct-review lifecycle action queue only; closed gates reflect temporal exclusions or source-reviewed not-direct dispositions for queued court/public-law overlaps. This report does not create bill-topic public support, bill-specific finance/lobbying influence, direct court-review evidence beyond the reviewed disposition, implementation outcomes, codified statutory lineage, causal effects, welfare, or model validation."
30,30,117-s-2520,117-150,Emergency Management,tier_5_bill_action_context_only,9,bill_topic_public_opinion; codified_usc_lineage; full_bill_progression_census_overlap,,0,bill_topic_public_opinion; codified_usc_lineage; full_bill_progression_census_overlap,3,no_queued_court_public_law_overlap,0,0,0,0,full_bill_progression_census_overlap,fuller bill/action coverage is required before stronger bill-flow claims,Congress.gov bill histories; govinfo bill and action records,make build-govinfo-billstatus-linkage-raw,bill_id=117-s-2520 | public_law=117-150 | base_rank=30 | closed_review_gates=none | next_actionable_gate=full_bill_progression_census_overlap,"Post-direct-review lifecycle action queue only; closed gates reflect temporal exclusions or source-reviewed not-direct dispositions for queued court/public-law overlaps. This report does not create bill-topic public support, bill-specific finance/lobbying influence, direct court-review evidence beyond the reviewed disposition, implementation outcomes, codified statutory lineage, causal effects, welfare, or model validation."
31,31,117-s-270,117-123,Public Lands and Natural Resources,tier_5_bill_action_context_only,9,bill_topic_public_opinion; codified_usc_lineage; full_bill_progression_census_overlap,,0,bill_topic_public_opinion; codified_usc_lineage; full_bill_progression_census_overlap,3,no_queued_court_public_law_overlap,0,0,0,0,full_bill_progression_census_overlap,fuller bill/action coverage is required before stronger bill-flow claims,Congress.gov bill histories; govinfo bill and action records,make build-govinfo-billstatus-linkage-raw,bill_id=117-s-270 | public_law=117-123 | base_rank=31 | closed_review_gates=none | next_actionable_gate=full_bill_progression_census_overlap,"Post-direct-review lifecycle action queue only; closed gates reflect temporal exclusions or source-reviewed not-direct dispositions for queued court/public-law overlaps. This report does not create bill-topic public support, bill-specific finance/lobbying influence, direct court-review evidence beyond the reviewed disposition, implementation outcomes, codified statutory lineage, causal effects, welfare, or model validation."
32,32,117-s-3522,117-118,International Affairs,tier_5_bill_action_context_only,9,bill_topic_public_opinion; codified_usc_lineage; full_bill_progression_census_overlap,,0,bill_topic_public_opinion; codified_usc_lineage; full_bill_progression_census_overlap,3,no_queued_court_public_law_overlap,0,0,0,0,full_bill_progression_census_overlap,fuller bill/action coverage is required before stronger bill-flow claims,Congress.gov bill histories; govinfo bill and action records,make build-govinfo-billstatus-linkage-raw,bill_id=117-s-3522 | public_law=117-118 | base_rank=32 | closed_review_gates=none | next_actionable_gate=full_bill_progression_census_overlap,"Post-direct-review lifecycle action queue only; closed gates reflect temporal exclusions or source-reviewed not-direct dispositions for queued court/public-law overlaps. This report does not create bill-topic public support, bill-specific finance/lobbying influence, direct court-review evidence beyond the reviewed disposition, implementation outcomes, codified statutory lineage, causal effects, welfare, or model validation."
33,33,117-s-4900,117-183,Commerce,tier_5_bill_action_context_only,9,bill_topic_public_opinion; codified_usc_lineage; full_bill_progression_census_overlap,,0,bill_topic_public_opinion; codified_usc_lineage; full_bill_progression_census_overlap,3,no_queued_court_public_law_overlap,0,0,0,0,full_bill_progression_census_overlap,fuller bill/action coverage is required before stronger bill-flow claims,Congress.gov bill histories; govinfo bill and action records,make build-govinfo-billstatus-linkage-raw,bill_id=117-s-4900 | public_law=117-183 | base_rank=33 | closed_review_gates=none | next_actionable_gate=full_bill_progression_census_overlap,"Post-direct-review lifecycle action queue only; closed gates reflect temporal exclusions or source-reviewed not-direct dispositions for queued court/public-law overlaps. This report does not create bill-topic public support, bill-specific finance/lobbying influence, direct court-review evidence beyond the reviewed disposition, implementation outcomes, codified statutory lineage, causal effects, welfare, or model validation."
34,34,117-s-558,117-316,Public Lands and Natural Resources,tier_5_bill_action_context_only,9,bill_topic_public_opinion; codified_usc_lineage; full_bill_progression_census_overlap,,0,bill_topic_public_opinion; codified_usc_lineage; full_bill_progression_census_overlap,3,no_queued_court_public_law_overlap,0,0,0,0,full_bill_progression_census_overlap,fuller bill/action coverage is required before stronger bill-flow claims,Congress.gov bill histories; govinfo bill and action records,make build-govinfo-billstatus-linkage-raw,bill_id=117-s-558 | public_law=117-316 | base_rank=34 | closed_review_gates=none | next_actionable_gate=full_bill_progression_census_overlap,"Post-direct-review lifecycle action queue only; closed gates reflect temporal exclusions or source-reviewed not-direct dispositions for queued court/public-law overlaps. This report does not create bill-topic public support, bill-specific finance/lobbying influence, direct court-review evidence beyond the reviewed disposition, implementation outcomes, codified statutory lineage, causal effects, welfare, or model validation."
35,35,117-hr-5681,117-113,Immigration,tier_5_bill_action_context_only,9,bill_topic_public_opinion; bill_specific_campaign_finance_or_lobbying_to_bill; codified_usc_lineage; full_bill_progression_census_overlap,,0,bill_specific_campaign_finance_or_lobbying_to_bill; bill_topic_public_opinion; codified_usc_lineage; full_bill_progression_census_overlap,4,no_queued_court_public_law_overlap,0,0,0,0,bill_topic_public_opinion,"sponsor-district context exists, so the next gate is bill-topic support or affected-group evidence",District public opinion and affected groups,make build-district-public-opinion-policy-context-raw,bill_id=117-hr-5681 | public_law=117-113 | base_rank=35 | closed_review_gates=none | next_actionable_gate=bill_topic_public_opinion,"Post-direct-review lifecycle action queue only; closed gates reflect temporal exclusions or source-reviewed not-direct dispositions for queued court/public-law overlaps. This report does not create bill-topic public support, bill-specific finance/lobbying influence, direct court-review evidence beyond the reviewed disposition, implementation outcomes, codified statutory lineage, causal effects, welfare, or model validation."
36,36,117-s-3470,117-211,Government Operations and Politics,tier_5_bill_action_context_only,8,bill_topic_public_opinion; bill_specific_campaign_finance_or_lobbying_to_bill; codified_usc_lineage; full_bill_progression_census_overlap,,0,bill_specific_campaign_finance_or_lobbying_to_bill; bill_topic_public_opinion; codified_usc_lineage; full_bill_progression_census_overlap,4,no_queued_court_public_law_overlap,0,0,0,0,bill_specific_campaign_finance_or_lobbying_to_bill,"same-policy finance or lobbying context exists, so the next gate is a bill-specific link",OpenFEC campaign finance; Senate LDA lobbying disclosures,make build-lobbying-bill-mentions-raw && make lobbying-bill-mention-review,bill_id=117-s-3470 | public_law=117-211 | base_rank=36 | closed_review_gates=none | next_actionable_gate=bill_specific_campaign_finance_or_lobbying_to_bill,"Post-direct-review lifecycle action queue only; closed gates reflect temporal exclusions or source-reviewed not-direct dispositions for queued court/public-law overlaps. This report does not create bill-topic public support, bill-specific finance/lobbying influence, direct court-review evidence beyond the reviewed disposition, implementation outcomes, codified statutory lineage, causal effects, welfare, or model validation."
37,37,117-s-3969,117-182,Government Operations and Politics,tier_5_bill_action_context_only,8,bill_topic_public_opinion; bill_specific_campaign_finance_or_lobbying_to_bill; codified_usc_lineage; full_bill_progression_census_overlap,,0,bill_specific_campaign_finance_or_lobbying_to_bill; bill_topic_public_opinion; codified_usc_lineage; full_bill_progression_census_overlap,4,no_queued_court_public_law_overlap,0,0,0,0,bill_specific_campaign_finance_or_lobbying_to_bill,"same-policy finance or lobbying context exists, so the next gate is a bill-specific link",OpenFEC campaign finance; Senate LDA lobbying disclosures,make build-lobbying-bill-mentions-raw && make lobbying-bill-mention-review,bill_id=117-s-3969 | public_law=117-182 | base_rank=37 | closed_review_gates=none | next_actionable_gate=bill_specific_campaign_finance_or_lobbying_to_bill,"Post-direct-review lifecycle action queue only; closed gates reflect temporal exclusions or source-reviewed not-direct dispositions for queued court/public-law overlaps. This report does not create bill-topic public support, bill-specific finance/lobbying influence, direct court-review evidence beyond the reviewed disposition, implementation outcomes, codified statutory lineage, causal effects, welfare, or model validation."
38,38,117-s-3157,117-210,Immigration,tier_5_bill_action_context_only,6,bill_topic_public_opinion; codified_usc_lineage; full_bill_progression_census_overlap,,0,bill_topic_public_opinion; codified_usc_lineage; full_bill_progression_census_overlap,3,no_queued_court_public_law_overlap,0,0,0,0,full_bill_progression_census_overlap,fuller bill/action coverage is required before stronger bill-flow claims,Congress.gov bill histories; govinfo bill and action records,make build-govinfo-billstatus-linkage-raw,bill_id=117-s-3157 | public_law=117-210 | base_rank=38 | closed_review_gates=none | next_actionable_gate=full_bill_progression_census_overlap,"Post-direct-review lifecycle action queue only; closed gates reflect temporal exclusions or source-reviewed not-direct dispositions for queued court/public-law overlaps. This report does not create bill-topic public support, bill-specific finance/lobbying influence, direct court-review evidence beyond the reviewed disposition, implementation outcomes, codified statutory lineage, causal effects, welfare, or model validation."
39,39,117-s-3294,117-111,Congress,tier_5_bill_action_context_only,5,bill_topic_public_opinion; bill_specific_campaign_finance_or_lobbying_to_bill; codified_usc_lineage; full_bill_progression_census_overlap,,0,bill_specific_campaign_finance_or_lobbying_to_bill; bill_topic_public_opinion; codified_usc_lineage; full_bill_progression_census_overlap,4,no_queued_court_public_law_overlap,0,0,0,0,bill_specific_campaign_finance_or_lobbying_to_bill,"same-policy finance or lobbying context exists, so the next gate is a bill-specific link",OpenFEC campaign finance; Senate LDA lobbying disclosures,make build-lobbying-bill-mentions-raw && make lobbying-bill-mention-review,bill_id=117-s-3294 | public_law=117-111 | base_rank=39 | closed_review_gates=none | next_actionable_gate=bill_specific_campaign_finance_or_lobbying_to_bill,"Post-direct-review lifecycle action queue only; closed gates reflect temporal exclusions or source-reviewed not-direct dispositions for queued court/public-law overlaps. This report does not create bill-topic public support, bill-specific finance/lobbying influence, direct court-review evidence beyond the reviewed disposition, implementation outcomes, codified statutory lineage, causal effects, welfare, or model validation."
40,40,117-s-497,117-121,Public Lands and Natural Resources,tier_5_bill_action_context_only,5,bill_topic_public_opinion; bill_specific_campaign_finance_or_lobbying_to_bill; codified_usc_lineage; full_bill_progression_census_overlap,,0,bill_specific_campaign_finance_or_lobbying_to_bill; bill_topic_public_opinion; codified_usc_lineage; full_bill_progression_census_overlap,4,no_queued_court_public_law_overlap,0,0,0,0,bill_specific_campaign_finance_or_lobbying_to_bill,"same-policy finance or lobbying context exists, so the next gate is a bill-specific link",OpenFEC campaign finance; Senate LDA lobbying disclosures,make build-lobbying-bill-mentions-raw && make lobbying-bill-mention-review,bill_id=117-s-497 | public_law=117-121 | base_rank=40 | closed_review_gates=none | next_actionable_gate=bill_specific_campaign_finance_or_lobbying_to_bill,"Post-direct-review lifecycle action queue only; closed gates reflect temporal exclusions or source-reviewed not-direct dispositions for queued court/public-law overlaps. This report does not create bill-topic public support, bill-specific finance/lobbying influence, direct court-review evidence beyond the reviewed disposition, implementation outcomes, codified statutory lineage, causal effects, welfare, or model validation."
