acquisition_rank,review_rank,bill_id,public_law_number,policy_area,sponsor_bioguide_id,sponsor_party,sponsor_state,introduced_date,enacted_date,committee_reported,floor_considered,external_lda_exact_activity_match_rows,external_lda_mention_packets,campaign_target_scope_status,local_govinfo_committee_row_status,local_govinfo_committees,local_voteview_roll_call_rows,official_member_vote_rows,member_vote_target_scope_status,same_bill_campaign_target_member_vote_overlap_rows,broad_campaign_member_context_overlap_rows,committee_jurisdiction_acquisition_status,committee_action_record_acquisition_status,roll_call_acquisition_status,lobbying_target_source_acquisition_status,campaign_target_source_acquisition_status,legislative_outcome_source_status,priority_score,next_review_action,required_join_keys,official_committee_source_url,official_actions_source_url,official_roll_call_source_urls,official_api_committee_url,official_api_actions_url,evidence_layers,missing_links,source_urls,source_url,claim_boundary
1,3,117-hr-3359,117-164,Crime and Law Enforcement,S001193,D,CA,2021-05-19,2022-08-03,yes,yes,46,16,not_in_campaign_finance_target_scope_review,official_govinfo_committee_source_review_present,Senate Judiciary Committee; House Judiciary Committee; House Crime and Federal Government Surveillance Subcommittee Subcommittee,0,431,official_member_vote_rows_reviewed_no_same_bill_campaign_target_overlap,0,5,official_committee_of_jurisdiction_source_reviewed,official_committee_action_records_reviewed_no_influence_evidence,official_house_clerk_roll_call_source_reviewed_no_finance_lobbying_influence_evidence,external_lda_current_bill_mentions_need_independent_contact_or_target_source_review,not_in_campaign_finance_target_scope_review,official_govinfo_public_law_outcome_source_reviewed_no_finance_lobbying_causality_source,8,"Use the official govinfo committee/action and House Clerk roll-call source reviews plus the member-vote target-scope review as context, then acquire independent finance/lobbying target documents, direct member target documents where numbered roll calls exist, and direct influence or causality evidence before any influence claim.",bill_id; public_law_number; congress; bill_type; bill_number; committee_name; action_date; roll_call_id; filing_uuid; candidate_id; independent_target_document_id,https://www.congress.gov/bill/117th-congress/hr-bill/3359/committees,https://www.congress.gov/bill/117th-congress/hr-bill/3359/all-actions,https://www.congress.gov/bill/117th-congress/hr-bill/3359/all-actions; https://clerk.house.gov/Votes; https://www.senate.gov/legislative/votes_new.htm,https://api.congress.gov/v3/bill/117/hr/3359/committees,https://api.congress.gov/v3/bill/117/hr/3359/actions,bill_finance_lobbying_committee_action_context; bill_finance_lobbying_committee_action_source_review; bill_finance_lobbying_roll_call_source_review; local_govinfo_billstatus_linkage_coverage_check; local_voteview_bill_linkage_coverage_check; official_source_acquisition_targets; bill_finance_lobbying_member_vote_target_scope_review; official_govinfo_billstatus_committee_source; official_govinfo_billstatus_action_source; official_committee_report_citation_metadata; official_billstatus_roll_call_reference; official_govinfo_public_law_outcome_metadata; official_house_clerk_roll_call_source,direct_member_vote_target_document; lobbying_contact_or_target_source; external_campaign_target_source_document; reviewed_outside_spending_target_beyond_candidate_id; committee_action_influence; roll_call_influence; legislative_outcome_causality; public_benefit_or_welfare_validation; causal_capture_validation; model_validation,https://www.congress.gov/bill/117th-congress/hr-bill/3359; https://lda.gov/api/v1/filings/?filing_year=2021&filing_specific_lobbying_issues=H.R.+3359&page_size=25; https://lda.gov/api/v1/filings/?filing_year=2021&filing_specific_lobbying_issues=HR+3359&page_size=25; https://lda.gov/api/v1/filings/?filing_year=2022&filing_specific_lobbying_issues=H.R.+3359&page_size=25; https://lda.gov/api/v1/filings/?filing_year=2022&filing_specific_lobbying_issues=HR+3359&page_size=25; https://www.congress.gov/bill/117th-congress/hr-bill/3359/committees; https://www.congress.gov/bill/117th-congress/hr-bill/3359/all-actions; https://api.congress.gov/v3/bill/117/hr/3359/committees; https://api.congress.gov/v3/bill/117/hr/3359/actions; https://clerk.house.gov/Votes; https://www.senate.gov/legislative/votes_new.htm; https://www.govinfo.gov/bulkdata/BILLSTATUS/117/hr/BILLSTATUS-117hr3359.xml; https://clerk.house.gov/evs/2022/roll088.xml,https://www.congress.gov/bill/117th-congress/hr-bill/3359,"Finance/lobbying source-acquisition queue only; rows name official source families, source-reviewed govinfo committee/no-direct-committee action dispositions, reviewed member-vote target scope where applicable, and remaining coverage gaps for direct member target documents, legislative-outcome causality, and independent target document review. The queue does not provide lobbying contact confirmation, campaign-spending target evidence, support or opposition evidence, committee-action influence, roll-call influence, legislative-outcome causality, public benefit, welfare, causal capture, or model validation."
2,4,117-hr-4693,117-214,International Affairs,M001157,R,TX,2021-07-26,2022-10-19,yes,yes,9,3,not_in_campaign_finance_target_scope_review,official_govinfo_committee_source_review_present,Senate Foreign Relations Committee; House Foreign Affairs Committee,0,429,official_member_vote_rows_reviewed_no_same_bill_campaign_target_overlap,0,5,official_committee_of_jurisdiction_source_reviewed,official_committee_action_records_reviewed_no_influence_evidence,official_house_clerk_roll_call_source_reviewed_no_finance_lobbying_influence_evidence,external_lda_current_bill_mentions_need_independent_contact_or_target_source_review,not_in_campaign_finance_target_scope_review,official_govinfo_public_law_outcome_source_reviewed_no_finance_lobbying_causality_source,8,"Use the official govinfo committee/action and House Clerk roll-call source reviews plus the member-vote target-scope review as context, then acquire independent finance/lobbying target documents, direct member target documents where numbered roll calls exist, and direct influence or causality evidence before any influence claim.",bill_id; public_law_number; congress; bill_type; bill_number; committee_name; action_date; roll_call_id; filing_uuid; candidate_id; independent_target_document_id,https://www.congress.gov/bill/117th-congress/hr-bill/4693/committees,https://www.congress.gov/bill/117th-congress/hr-bill/4693/all-actions,https://www.congress.gov/bill/117th-congress/hr-bill/4693/all-actions; https://clerk.house.gov/Votes; https://www.senate.gov/legislative/votes_new.htm,https://api.congress.gov/v3/bill/117/hr/4693/committees,https://api.congress.gov/v3/bill/117/hr/4693/actions,bill_finance_lobbying_committee_action_context; bill_finance_lobbying_committee_action_source_review; bill_finance_lobbying_roll_call_source_review; local_govinfo_billstatus_linkage_coverage_check; local_voteview_bill_linkage_coverage_check; official_source_acquisition_targets; bill_finance_lobbying_member_vote_target_scope_review; official_govinfo_billstatus_committee_source; official_govinfo_billstatus_action_source; official_billstatus_roll_call_reference; official_govinfo_public_law_outcome_metadata; official_house_clerk_roll_call_source,direct_member_vote_target_document; lobbying_contact_or_target_source; external_campaign_target_source_document; reviewed_outside_spending_target_beyond_candidate_id; committee_action_influence; roll_call_influence; legislative_outcome_causality; public_benefit_or_welfare_validation; causal_capture_validation; model_validation,https://www.congress.gov/bill/117th-congress/hr-bill/4693; https://lda.gov/api/v1/filings/?filing_year=2021&filing_specific_lobbying_issues=H.R.+4693&page_size=25; https://lda.gov/api/v1/filings/?filing_year=2021&filing_specific_lobbying_issues=HR+4693&page_size=25; https://lda.gov/api/v1/filings/?filing_year=2022&filing_specific_lobbying_issues=H.R.+4693&page_size=25; https://lda.gov/api/v1/filings/?filing_year=2022&filing_specific_lobbying_issues=HR+4693&page_size=25; https://www.congress.gov/bill/117th-congress/hr-bill/4693/committees; https://www.congress.gov/bill/117th-congress/hr-bill/4693/all-actions; https://api.congress.gov/v3/bill/117/hr/4693/committees; https://api.congress.gov/v3/bill/117/hr/4693/actions; https://clerk.house.gov/Votes; https://www.senate.gov/legislative/votes_new.htm; https://www.govinfo.gov/bulkdata/BILLSTATUS/117/hr/BILLSTATUS-117hr4693.xml; https://clerk.house.gov/evs/2022/roll137.xml,https://www.congress.gov/bill/117th-congress/hr-bill/4693,"Finance/lobbying source-acquisition queue only; rows name official source families, source-reviewed govinfo committee/no-direct-committee action dispositions, reviewed member-vote target scope where applicable, and remaining coverage gaps for direct member target documents, legislative-outcome causality, and independent target document review. The queue does not provide lobbying contact confirmation, campaign-spending target evidence, support or opposition evidence, committee-action influence, roll-call influence, legislative-outcome causality, public benefit, welfare, causal capture, or model validation."
3,1,117-hr-6386,117-295,Government Operations and Politics,K000391,D,IL,2022-01-12,2022-12-27,yes,yes,0,0,reviewed_public_fec_openfec_candidate_target_fields_only,official_govinfo_committee_source_review_present,Senate Homeland Security and Governmental Affairs Committee; House Oversight and Accountability Committee,0,428,official_member_vote_rows_reviewed_no_same_bill_campaign_target_overlap,0,5,official_committee_of_jurisdiction_source_reviewed,official_committee_action_records_reviewed_no_influence_evidence,official_house_clerk_roll_call_source_reviewed_no_finance_lobbying_influence_evidence,no_external_lda_current_bill_mention_needs_broader_lobbying_target_source,public_fec_openfec_target_scope_reviewed_no_bill_specific_target_source,official_govinfo_public_law_outcome_source_reviewed_no_finance_lobbying_causality_source,7,"Use the official govinfo committee/action and House Clerk roll-call source reviews plus the member-vote target-scope review as context, then acquire independent finance/lobbying target documents, direct member target documents where numbered roll calls exist, and direct influence or causality evidence before any influence claim.",bill_id; public_law_number; congress; bill_type; bill_number; committee_name; action_date; roll_call_id; filing_uuid; candidate_id; independent_target_document_id,https://www.congress.gov/bill/117th-congress/hr-bill/6386/committees,https://www.congress.gov/bill/117th-congress/hr-bill/6386/all-actions,https://www.congress.gov/bill/117th-congress/hr-bill/6386/all-actions; https://clerk.house.gov/Votes; https://www.senate.gov/legislative/votes_new.htm,https://api.congress.gov/v3/bill/117/hr/6386/committees,https://api.congress.gov/v3/bill/117/hr/6386/actions,bill_finance_lobbying_committee_action_context; bill_finance_lobbying_committee_action_source_review; bill_finance_lobbying_roll_call_source_review; local_govinfo_billstatus_linkage_coverage_check; local_voteview_bill_linkage_coverage_check; official_source_acquisition_targets; bill_finance_lobbying_member_vote_target_scope_review; official_govinfo_billstatus_committee_source; official_govinfo_billstatus_action_source; official_billstatus_roll_call_reference; official_govinfo_public_law_outcome_metadata; official_house_clerk_roll_call_source,direct_member_vote_target_document; lobbying_contact_or_target_source; external_campaign_target_source_document; reviewed_outside_spending_target_beyond_candidate_id; committee_action_influence; roll_call_influence; legislative_outcome_causality; public_benefit_or_welfare_validation; causal_capture_validation; model_validation,https://www.congress.gov/bill/117th-congress/hr-bill/6386; https://lda.gov/api/v1/filings/?filing_year=2022&filing_specific_lobbying_issues=H.R.+6386&page_size=25; https://lda.gov/api/v1/filings/?filing_year=2022&filing_specific_lobbying_issues=HR+6386&page_size=25; https://www.congress.gov/bill/117th-congress/hr-bill/6386/committees; https://www.congress.gov/bill/117th-congress/hr-bill/6386/all-actions; https://api.congress.gov/v3/bill/117/hr/6386/committees; https://api.congress.gov/v3/bill/117/hr/6386/actions; https://clerk.house.gov/Votes; https://www.senate.gov/legislative/votes_new.htm; https://www.govinfo.gov/bulkdata/BILLSTATUS/117/hr/BILLSTATUS-117hr6386.xml; https://clerk.house.gov/evs/2022/roll167.xml,https://www.congress.gov/bill/117th-congress/hr-bill/6386,"Finance/lobbying source-acquisition queue only; rows name official source families, source-reviewed govinfo committee/no-direct-committee action dispositions, reviewed member-vote target scope where applicable, and remaining coverage gaps for direct member target documents, legislative-outcome causality, and independent target document review. The queue does not provide lobbying contact confirmation, campaign-spending target evidence, support or opposition evidence, committee-action influence, roll-call influence, legislative-outcome causality, public benefit, welfare, causal capture, or model validation."
4,7,117-s-3470,117-211,Government Operations and Politics,L000575,R,OK,2022-01-11,2022-10-17,yes,yes,0,0,reviewed_public_fec_openfec_candidate_target_fields_only,official_govinfo_committee_source_review_present,Senate Homeland Security and Governmental Affairs Committee,0,432,official_member_vote_rows_reviewed_no_same_bill_campaign_target_overlap,0,5,official_committee_of_jurisdiction_source_reviewed,official_committee_action_records_reviewed_no_influence_evidence,official_house_clerk_roll_call_source_reviewed_no_finance_lobbying_influence_evidence,no_external_lda_current_bill_mention_needs_broader_lobbying_target_source,public_fec_openfec_target_scope_reviewed_no_bill_specific_target_source,official_govinfo_public_law_outcome_source_reviewed_no_finance_lobbying_causality_source,7,"Use the official govinfo committee/action and House Clerk roll-call source reviews plus the member-vote target-scope review as context, then acquire independent finance/lobbying target documents, direct member target documents where numbered roll calls exist, and direct influence or causality evidence before any influence claim.",bill_id; public_law_number; congress; bill_type; bill_number; committee_name; action_date; roll_call_id; filing_uuid; candidate_id; independent_target_document_id,https://www.congress.gov/bill/117th-congress/s-bill/3470/committees,https://www.congress.gov/bill/117th-congress/s-bill/3470/all-actions,https://www.congress.gov/bill/117th-congress/s-bill/3470/all-actions; https://clerk.house.gov/Votes; https://www.senate.gov/legislative/votes_new.htm,https://api.congress.gov/v3/bill/117/s/3470/committees,https://api.congress.gov/v3/bill/117/s/3470/actions,bill_finance_lobbying_committee_action_context; bill_finance_lobbying_committee_action_source_review; bill_finance_lobbying_roll_call_source_review; local_govinfo_billstatus_linkage_coverage_check; local_voteview_bill_linkage_coverage_check; official_source_acquisition_targets; bill_finance_lobbying_member_vote_target_scope_review; official_govinfo_billstatus_committee_source; official_govinfo_billstatus_action_source; official_committee_report_citation_metadata; official_billstatus_roll_call_reference; official_govinfo_public_law_outcome_metadata; official_house_clerk_roll_call_source,direct_member_vote_target_document; lobbying_contact_or_target_source; external_campaign_target_source_document; reviewed_outside_spending_target_beyond_candidate_id; committee_action_influence; roll_call_influence; legislative_outcome_causality; public_benefit_or_welfare_validation; causal_capture_validation; model_validation,https://www.congress.gov/bill/117th-congress/s-bill/3470; https://lda.gov/api/v1/filings/?filing_year=2022&filing_specific_lobbying_issues=S+3470&page_size=25; https://lda.gov/api/v1/filings/?filing_year=2022&filing_specific_lobbying_issues=S.+3470&page_size=25; https://www.congress.gov/bill/117th-congress/s-bill/3470/committees; https://www.congress.gov/bill/117th-congress/s-bill/3470/all-actions; https://api.congress.gov/v3/bill/117/s/3470/committees; https://api.congress.gov/v3/bill/117/s/3470/actions; https://clerk.house.gov/Votes; https://www.senate.gov/legislative/votes_new.htm; https://www.govinfo.gov/bulkdata/BILLSTATUS/117/s/BILLSTATUS-117s3470.xml; https://clerk.house.gov/evs/2022/roll463.xml,https://www.congress.gov/bill/117th-congress/s-bill/3470,"Finance/lobbying source-acquisition queue only; rows name official source families, source-reviewed govinfo committee/no-direct-committee action dispositions, reviewed member-vote target scope where applicable, and remaining coverage gaps for direct member target documents, legislative-outcome causality, and independent target document review. The queue does not provide lobbying contact confirmation, campaign-spending target evidence, support or opposition evidence, committee-action influence, roll-call influence, legislative-outcome causality, public benefit, welfare, causal capture, or model validation."
5,5,117-hr-6899,117-185,International Affairs,H001072,R,AR,2022-03-02,2022-10-04,yes,yes,0,0,not_in_campaign_finance_target_scope_review,official_govinfo_committee_source_review_present,Senate Foreign Relations Committee; House Financial Services Committee,0,428,official_member_vote_rows_reviewed_no_same_bill_campaign_target_overlap,0,5,official_committee_of_jurisdiction_source_reviewed,official_committee_action_records_reviewed_no_influence_evidence,official_house_clerk_roll_call_source_reviewed_no_finance_lobbying_influence_evidence,no_external_lda_current_bill_mention_needs_broader_lobbying_target_source,not_in_campaign_finance_target_scope_review,official_govinfo_public_law_outcome_source_reviewed_no_finance_lobbying_causality_source,5,"Use the official govinfo committee/action and House Clerk roll-call source reviews plus the member-vote target-scope review as context, then acquire independent finance/lobbying target documents, direct member target documents where numbered roll calls exist, and direct influence or causality evidence before any influence claim.",bill_id; public_law_number; congress; bill_type; bill_number; committee_name; action_date; roll_call_id; filing_uuid; candidate_id; independent_target_document_id,https://www.congress.gov/bill/117th-congress/hr-bill/6899/committees,https://www.congress.gov/bill/117th-congress/hr-bill/6899/all-actions,https://www.congress.gov/bill/117th-congress/hr-bill/6899/all-actions; https://clerk.house.gov/Votes; https://www.senate.gov/legislative/votes_new.htm,https://api.congress.gov/v3/bill/117/hr/6899/committees,https://api.congress.gov/v3/bill/117/hr/6899/actions,bill_finance_lobbying_committee_action_context; bill_finance_lobbying_committee_action_source_review; bill_finance_lobbying_roll_call_source_review; local_govinfo_billstatus_linkage_coverage_check; local_voteview_bill_linkage_coverage_check; official_source_acquisition_targets; bill_finance_lobbying_member_vote_target_scope_review; official_govinfo_billstatus_committee_source; official_govinfo_billstatus_action_source; official_committee_report_citation_metadata; official_billstatus_roll_call_reference; official_govinfo_public_law_outcome_metadata; official_house_clerk_roll_call_source,direct_member_vote_target_document; lobbying_contact_or_target_source; external_campaign_target_source_document; reviewed_outside_spending_target_beyond_candidate_id; committee_action_influence; roll_call_influence; legislative_outcome_causality; public_benefit_or_welfare_validation; causal_capture_validation; model_validation,https://www.congress.gov/bill/117th-congress/hr-bill/6899; https://lda.gov/api/v1/filings/?filing_year=2022&filing_specific_lobbying_issues=H.R.+6899&page_size=25; https://lda.gov/api/v1/filings/?filing_year=2022&filing_specific_lobbying_issues=HR+6899&page_size=25; https://www.congress.gov/bill/117th-congress/hr-bill/6899/committees; https://www.congress.gov/bill/117th-congress/hr-bill/6899/all-actions; https://api.congress.gov/v3/bill/117/hr/6899/committees; https://api.congress.gov/v3/bill/117/hr/6899/actions; https://clerk.house.gov/Votes; https://www.senate.gov/legislative/votes_new.htm; https://www.govinfo.gov/bulkdata/BILLSTATUS/117/hr/BILLSTATUS-117hr6899.xml; https://clerk.house.gov/evs/2022/roll162.xml,https://www.congress.gov/bill/117th-congress/hr-bill/6899,"Finance/lobbying source-acquisition queue only; rows name official source families, source-reviewed govinfo committee/no-direct-committee action dispositions, reviewed member-vote target scope where applicable, and remaining coverage gaps for direct member target documents, legislative-outcome causality, and independent target document review. The queue does not provide lobbying contact confirmation, campaign-spending target evidence, support or opposition evidence, committee-action influence, roll-call influence, legislative-outcome causality, public benefit, welfare, causal capture, or model validation."
6,6,117-hr-7334,117-165,Commerce,L000569,R,MO,2022-03-31,2022-08-05,yes,yes,0,0,not_in_campaign_finance_target_scope_review,official_govinfo_committee_source_review_present,Senate Small Business and Entrepreneurship Committee; House Small Business Committee,0,427,official_member_vote_rows_reviewed_no_same_bill_campaign_target_overlap,0,5,official_committee_of_jurisdiction_source_reviewed,official_committee_action_records_reviewed_no_influence_evidence,official_house_clerk_roll_call_source_reviewed_no_finance_lobbying_influence_evidence,no_external_lda_current_bill_mention_needs_broader_lobbying_target_source,not_in_campaign_finance_target_scope_review,official_govinfo_public_law_outcome_source_reviewed_no_finance_lobbying_causality_source,5,"Use the official govinfo committee/action and House Clerk roll-call source reviews plus the member-vote target-scope review as context, then acquire independent finance/lobbying target documents, direct member target documents where numbered roll calls exist, and direct influence or causality evidence before any influence claim.",bill_id; public_law_number; congress; bill_type; bill_number; committee_name; action_date; roll_call_id; filing_uuid; candidate_id; independent_target_document_id,https://www.congress.gov/bill/117th-congress/hr-bill/7334/committees,https://www.congress.gov/bill/117th-congress/hr-bill/7334/all-actions,https://www.congress.gov/bill/117th-congress/hr-bill/7334/all-actions; https://clerk.house.gov/Votes; https://www.senate.gov/legislative/votes_new.htm,https://api.congress.gov/v3/bill/117/hr/7334/committees,https://api.congress.gov/v3/bill/117/hr/7334/actions,bill_finance_lobbying_committee_action_context; bill_finance_lobbying_committee_action_source_review; bill_finance_lobbying_roll_call_source_review; local_govinfo_billstatus_linkage_coverage_check; local_voteview_bill_linkage_coverage_check; official_source_acquisition_targets; bill_finance_lobbying_member_vote_target_scope_review; official_govinfo_billstatus_committee_source; official_govinfo_billstatus_action_source; official_committee_report_citation_metadata; official_billstatus_roll_call_reference; official_govinfo_public_law_outcome_metadata; official_house_clerk_roll_call_source,direct_member_vote_target_document; lobbying_contact_or_target_source; external_campaign_target_source_document; reviewed_outside_spending_target_beyond_candidate_id; committee_action_influence; roll_call_influence; legislative_outcome_causality; public_benefit_or_welfare_validation; causal_capture_validation; model_validation,https://www.congress.gov/bill/117th-congress/hr-bill/7334; https://lda.gov/api/v1/filings/?filing_year=2022&filing_specific_lobbying_issues=H.R.+7334&page_size=25; https://lda.gov/api/v1/filings/?filing_year=2022&filing_specific_lobbying_issues=HR+7334&page_size=25; https://www.congress.gov/bill/117th-congress/hr-bill/7334/committees; https://www.congress.gov/bill/117th-congress/hr-bill/7334/all-actions; https://api.congress.gov/v3/bill/117/hr/7334/committees; https://api.congress.gov/v3/bill/117/hr/7334/actions; https://clerk.house.gov/Votes; https://www.senate.gov/legislative/votes_new.htm; https://www.govinfo.gov/bulkdata/BILLSTATUS/117/hr/BILLSTATUS-117hr7334.xml; https://clerk.house.gov/evs/2022/roll247.xml,https://www.congress.gov/bill/117th-congress/hr-bill/7334,"Finance/lobbying source-acquisition queue only; rows name official source families, source-reviewed govinfo committee/no-direct-committee action dispositions, reviewed member-vote target scope where applicable, and remaining coverage gaps for direct member target documents, legislative-outcome causality, and independent target document review. The queue does not provide lobbying contact confirmation, campaign-spending target evidence, support or opposition evidence, committee-action influence, roll-call influence, legislative-outcome causality, public benefit, welfare, causal capture, or model validation."
7,8,117-s-3969,117-182,Government Operations and Politics,L000570,D,NM,2022-03-30,2022-09-30,yes,yes,0,0,reviewed_public_fec_openfec_candidate_target_fields_only,official_govinfo_billstatus_reviewed_without_direct_committee_names,,0,0,not_applicable_floor_action_without_numbered_member_vote_rows,0,0,official_govinfo_billstatus_reviewed_without_direct_committee_referral,official_govinfo_billstatus_reviewed_without_direct_committee_action_records,official_floor_action_reviewed_without_numbered_roll_call,no_external_lda_current_bill_mention_needs_broader_lobbying_target_source,public_fec_openfec_target_scope_reviewed_no_bill_specific_target_source,official_govinfo_public_law_outcome_source_reviewed_no_finance_lobbying_causality_source,5,"Use the official govinfo committee/action and House Clerk roll-call source reviews plus the member-vote target-scope review as context, then acquire independent finance/lobbying target documents, direct member target documents where numbered roll calls exist, and direct influence or causality evidence before any influence claim.",bill_id; public_law_number; congress; bill_type; bill_number; committee_name; action_date; roll_call_id; filing_uuid; candidate_id; independent_target_document_id,https://www.congress.gov/bill/117th-congress/s-bill/3969/committees,https://www.congress.gov/bill/117th-congress/s-bill/3969/all-actions,https://www.congress.gov/bill/117th-congress/s-bill/3969/all-actions; https://clerk.house.gov/Votes; https://www.senate.gov/legislative/votes_new.htm,https://api.congress.gov/v3/bill/117/s/3969/committees,https://api.congress.gov/v3/bill/117/s/3969/actions,bill_finance_lobbying_committee_action_context; bill_finance_lobbying_committee_action_source_review; bill_finance_lobbying_roll_call_source_review; local_govinfo_billstatus_linkage_coverage_check; local_voteview_bill_linkage_coverage_check; official_source_acquisition_targets; official_govinfo_billstatus_committee_source; official_govinfo_billstatus_action_source; official_govinfo_public_law_outcome_metadata,lobbying_contact_or_target_source; external_campaign_target_source_document; reviewed_outside_spending_target_beyond_candidate_id; committee_action_influence; roll_call_influence; legislative_outcome_causality; public_benefit_or_welfare_validation; causal_capture_validation; model_validation,https://www.congress.gov/bill/117th-congress/s-bill/3969; https://lda.gov/api/v1/filings/?filing_year=2022&filing_specific_lobbying_issues=S+3969&page_size=25; https://lda.gov/api/v1/filings/?filing_year=2022&filing_specific_lobbying_issues=S.+3969&page_size=25; https://www.congress.gov/bill/117th-congress/s-bill/3969/committees; https://www.congress.gov/bill/117th-congress/s-bill/3969/all-actions; https://api.congress.gov/v3/bill/117/s/3969/committees; https://api.congress.gov/v3/bill/117/s/3969/actions; https://clerk.house.gov/Votes; https://www.senate.gov/legislative/votes_new.htm; https://www.govinfo.gov/bulkdata/BILLSTATUS/117/s/BILLSTATUS-117s3969.xml,https://www.congress.gov/bill/117th-congress/s-bill/3969,"Finance/lobbying source-acquisition queue only; rows name official source families, source-reviewed govinfo committee/no-direct-committee action dispositions, reviewed member-vote target scope where applicable, and remaining coverage gaps for direct member target documents, legislative-outcome causality, and independent target document review. The queue does not provide lobbying contact confirmation, campaign-spending target evidence, support or opposition evidence, committee-action influence, roll-call influence, legislative-outcome causality, public benefit, welfare, causal capture, or model validation."
8,9,117-s-3294,117-111,Congress,K000367,D,MN,2021-12-01,2022-04-13,no,yes,0,0,reviewed_public_fec_openfec_candidate_target_fields_only,official_govinfo_committee_source_review_present,Senate Rules and Administration Committee,0,431,official_member_vote_rows_reviewed_no_same_bill_campaign_target_overlap,0,5,official_committee_of_jurisdiction_source_reviewed,official_committee_action_records_reviewed_no_influence_evidence,official_house_clerk_roll_call_source_reviewed_no_finance_lobbying_influence_evidence,no_external_lda_current_bill_mention_needs_broader_lobbying_target_source,public_fec_openfec_target_scope_reviewed_no_bill_specific_target_source,official_govinfo_public_law_outcome_source_reviewed_no_finance_lobbying_causality_source,5,"Use the official govinfo committee/action and House Clerk roll-call source reviews plus the member-vote target-scope review as context, then acquire independent finance/lobbying target documents, direct member target documents where numbered roll calls exist, and direct influence or causality evidence before any influence claim.",bill_id; public_law_number; congress; bill_type; bill_number; committee_name; action_date; roll_call_id; filing_uuid; candidate_id; independent_target_document_id,https://www.congress.gov/bill/117th-congress/s-bill/3294/committees,https://www.congress.gov/bill/117th-congress/s-bill/3294/all-actions,https://www.congress.gov/bill/117th-congress/s-bill/3294/all-actions; https://clerk.house.gov/Votes; https://www.senate.gov/legislative/votes_new.htm,https://api.congress.gov/v3/bill/117/s/3294/committees,https://api.congress.gov/v3/bill/117/s/3294/actions,bill_finance_lobbying_committee_action_context; bill_finance_lobbying_committee_action_source_review; bill_finance_lobbying_roll_call_source_review; local_govinfo_billstatus_linkage_coverage_check; local_voteview_bill_linkage_coverage_check; official_source_acquisition_targets; bill_finance_lobbying_member_vote_target_scope_review; official_govinfo_billstatus_committee_source; official_govinfo_billstatus_action_source; official_billstatus_roll_call_reference; official_govinfo_public_law_outcome_metadata; official_house_clerk_roll_call_source,direct_member_vote_target_document; lobbying_contact_or_target_source; external_campaign_target_source_document; reviewed_outside_spending_target_beyond_candidate_id; committee_action_influence; roll_call_influence; legislative_outcome_causality; public_benefit_or_welfare_validation; causal_capture_validation; model_validation,https://www.congress.gov/bill/117th-congress/s-bill/3294; https://lda.gov/api/v1/filings/?filing_year=2021&filing_specific_lobbying_issues=S+3294&page_size=25; https://lda.gov/api/v1/filings/?filing_year=2021&filing_specific_lobbying_issues=S.+3294&page_size=25; https://lda.gov/api/v1/filings/?filing_year=2022&filing_specific_lobbying_issues=S+3294&page_size=25; https://lda.gov/api/v1/filings/?filing_year=2022&filing_specific_lobbying_issues=S.+3294&page_size=25; https://www.congress.gov/bill/117th-congress/s-bill/3294/committees; https://www.congress.gov/bill/117th-congress/s-bill/3294/all-actions; https://api.congress.gov/v3/bill/117/s/3294/committees; https://api.congress.gov/v3/bill/117/s/3294/actions; https://clerk.house.gov/Votes; https://www.senate.gov/legislative/votes_new.htm; https://www.govinfo.gov/bulkdata/BILLSTATUS/117/s/BILLSTATUS-117s3294.xml; https://clerk.house.gov/evs/2022/roll084.xml,https://www.congress.gov/bill/117th-congress/s-bill/3294,"Finance/lobbying source-acquisition queue only; rows name official source families, source-reviewed govinfo committee/no-direct-committee action dispositions, reviewed member-vote target scope where applicable, and remaining coverage gaps for direct member target documents, legislative-outcome causality, and independent target document review. The queue does not provide lobbying contact confirmation, campaign-spending target evidence, support or opposition evidence, committee-action influence, roll-call influence, legislative-outcome causality, public benefit, welfare, causal capture, or model validation."
9,10,117-s-497,117-121,Public Lands and Natural Resources,S001198,R,AK,2021-03-01,2022-05-12,yes,yes,0,0,not_in_campaign_finance_target_scope_review,official_govinfo_committee_source_review_present,"Senate Commerce, Science, and Transportation Committee",0,429,official_member_vote_rows_reviewed_no_same_bill_campaign_target_overlap,0,5,official_committee_of_jurisdiction_source_reviewed,official_committee_action_records_reviewed_no_influence_evidence,official_house_clerk_roll_call_source_reviewed_no_finance_lobbying_influence_evidence,no_external_lda_current_bill_mention_needs_broader_lobbying_target_source,not_in_campaign_finance_target_scope_review,official_govinfo_public_law_outcome_source_reviewed_no_finance_lobbying_causality_source,5,"Use the official govinfo committee/action and House Clerk roll-call source reviews plus the member-vote target-scope review as context, then acquire independent finance/lobbying target documents, direct member target documents where numbered roll calls exist, and direct influence or causality evidence before any influence claim.",bill_id; public_law_number; congress; bill_type; bill_number; committee_name; action_date; roll_call_id; filing_uuid; candidate_id; independent_target_document_id,https://www.congress.gov/bill/117th-congress/s-bill/497/committees,https://www.congress.gov/bill/117th-congress/s-bill/497/all-actions,https://www.congress.gov/bill/117th-congress/s-bill/497/all-actions; https://clerk.house.gov/Votes; https://www.senate.gov/legislative/votes_new.htm,https://api.congress.gov/v3/bill/117/s/497/committees,https://api.congress.gov/v3/bill/117/s/497/actions,bill_finance_lobbying_committee_action_context; bill_finance_lobbying_committee_action_source_review; bill_finance_lobbying_roll_call_source_review; local_govinfo_billstatus_linkage_coverage_check; local_voteview_bill_linkage_coverage_check; official_source_acquisition_targets; bill_finance_lobbying_member_vote_target_scope_review; official_govinfo_billstatus_committee_source; official_govinfo_billstatus_action_source; official_committee_report_citation_metadata; official_billstatus_roll_call_reference; official_govinfo_public_law_outcome_metadata; official_house_clerk_roll_call_source,direct_member_vote_target_document; lobbying_contact_or_target_source; external_campaign_target_source_document; reviewed_outside_spending_target_beyond_candidate_id; committee_action_influence; roll_call_influence; legislative_outcome_causality; public_benefit_or_welfare_validation; causal_capture_validation; model_validation,https://www.congress.gov/bill/117th-congress/s-bill/497; https://lda.gov/api/v1/filings/?filing_year=2021&filing_specific_lobbying_issues=S+497&page_size=25; https://lda.gov/api/v1/filings/?filing_year=2021&filing_specific_lobbying_issues=S.+497&page_size=25; https://lda.gov/api/v1/filings/?filing_year=2022&filing_specific_lobbying_issues=S+497&page_size=25; https://lda.gov/api/v1/filings/?filing_year=2022&filing_specific_lobbying_issues=S.+497&page_size=25; https://www.congress.gov/bill/117th-congress/s-bill/497/committees; https://www.congress.gov/bill/117th-congress/s-bill/497/all-actions; https://api.congress.gov/v3/bill/117/s/497/committees; https://api.congress.gov/v3/bill/117/s/497/actions; https://clerk.house.gov/Votes; https://www.senate.gov/legislative/votes_new.htm; https://www.govinfo.gov/bulkdata/BILLSTATUS/117/s/BILLSTATUS-117s497.xml; https://clerk.house.gov/evs/2022/roll126.xml,https://www.congress.gov/bill/117th-congress/s-bill/497,"Finance/lobbying source-acquisition queue only; rows name official source families, source-reviewed govinfo committee/no-direct-committee action dispositions, reviewed member-vote target scope where applicable, and remaining coverage gaps for direct member target documents, legislative-outcome causality, and independent target document review. The queue does not provide lobbying contact confirmation, campaign-spending target evidence, support or opposition evidence, committee-action influence, roll-call influence, legislative-outcome causality, public benefit, welfare, causal capture, or model validation."
10,2,117-hr-1842,117-163,Finance and Financial Sector,M001137,D,NY,2021-03-11,2022-08-03,no,yes,0,0,not_in_campaign_finance_target_scope_review,official_govinfo_committee_source_review_present,House Financial Services Committee,0,0,not_applicable_floor_action_without_numbered_member_vote_rows,0,0,official_committee_of_jurisdiction_source_reviewed,official_committee_action_records_reviewed_no_influence_evidence,official_floor_action_reviewed_without_numbered_roll_call,no_external_lda_current_bill_mention_needs_broader_lobbying_target_source,not_in_campaign_finance_target_scope_review,official_govinfo_public_law_outcome_source_reviewed_no_finance_lobbying_causality_source,3,"Use the official govinfo committee/action and House Clerk roll-call source reviews plus the member-vote target-scope review as context, then acquire independent finance/lobbying target documents, direct member target documents where numbered roll calls exist, and direct influence or causality evidence before any influence claim.",bill_id; public_law_number; congress; bill_type; bill_number; committee_name; action_date; roll_call_id; filing_uuid; candidate_id; independent_target_document_id,https://www.congress.gov/bill/117th-congress/hr-bill/1842/committees,https://www.congress.gov/bill/117th-congress/hr-bill/1842/all-actions,https://www.congress.gov/bill/117th-congress/hr-bill/1842/all-actions; https://clerk.house.gov/Votes; https://www.senate.gov/legislative/votes_new.htm,https://api.congress.gov/v3/bill/117/hr/1842/committees,https://api.congress.gov/v3/bill/117/hr/1842/actions,bill_finance_lobbying_committee_action_context; bill_finance_lobbying_committee_action_source_review; bill_finance_lobbying_roll_call_source_review; local_govinfo_billstatus_linkage_coverage_check; local_voteview_bill_linkage_coverage_check; official_source_acquisition_targets; official_govinfo_billstatus_committee_source; official_govinfo_billstatus_action_source; official_govinfo_public_law_outcome_metadata,lobbying_contact_or_target_source; external_campaign_target_source_document; reviewed_outside_spending_target_beyond_candidate_id; committee_action_influence; roll_call_influence; legislative_outcome_causality; public_benefit_or_welfare_validation; causal_capture_validation; model_validation,https://www.congress.gov/bill/117th-congress/hr-bill/1842; https://lda.gov/api/v1/filings/?filing_year=2021&filing_specific_lobbying_issues=H.R.+1842&page_size=25; https://lda.gov/api/v1/filings/?filing_year=2021&filing_specific_lobbying_issues=HR+1842&page_size=25; https://lda.gov/api/v1/filings/?filing_year=2022&filing_specific_lobbying_issues=H.R.+1842&page_size=25; https://lda.gov/api/v1/filings/?filing_year=2022&filing_specific_lobbying_issues=HR+1842&page_size=25; https://www.congress.gov/bill/117th-congress/hr-bill/1842/committees; https://www.congress.gov/bill/117th-congress/hr-bill/1842/all-actions; https://api.congress.gov/v3/bill/117/hr/1842/committees; https://api.congress.gov/v3/bill/117/hr/1842/actions; https://clerk.house.gov/Votes; https://www.senate.gov/legislative/votes_new.htm; https://www.govinfo.gov/bulkdata/BILLSTATUS/117/hr/BILLSTATUS-117hr1842.xml,https://www.congress.gov/bill/117th-congress/hr-bill/1842,"Finance/lobbying source-acquisition queue only; rows name official source families, source-reviewed govinfo committee/no-direct-committee action dispositions, reviewed member-vote target scope where applicable, and remaining coverage gaps for direct member target documents, legislative-outcome causality, and independent target document review. The queue does not provide lobbying contact confirmation, campaign-spending target evidence, support or opposition evidence, committee-action influence, roll-call influence, legislative-outcome causality, public benefit, welfare, causal capture, or model validation."
