packet_rank,readiness_rank,bill_id,public_law_number,policy_area,sponsor_districts,target_issue_construct,candidate_policy_preference_item_ids,candidate_policy_preference_item_count,candidate_items_with_codebook_direction_count,candidate_items_with_binary_item_direction_count,candidate_item_direction_types,candidate_item_support_code_summary,candidate_item_oppose_code_summary,candidate_item_codebook_label_summary,guide_codebook_direction_status,support_direction_status,exact_bill_topic_support_status,bill_text_direction_alignment_status,district_estimation_status,affected_group_item_status,required_next_action,source_urls,evidence_layers,missing_links,claim_boundary
1,1,117-hr-1437,117-229,Economics and Public Finance,NJ-11,"tax, spending, inflation, or fiscal-policy bill support",incometax_vs_salestax; spending_cuts_least; spending_cuts_most; spending_education; spending_healthcare; spending_infrastructure; spending_vs_tax; spending_welfare,8,8,0,categorical_budget_choice; continuous_policy_tradeoff_scale; ordered_spending_increase_decrease,,,"[{""variable_id"":""incometax_vs_salestax"",""direction_type"":""continuous_policy_tradeoff_scale"",""code_label_map"":[{""code"":""0.0"",""label"":""increase income tax""},{""code"":""100.0"",""label"":""increase sales tax""}],""unmapped_observed_codes"":[""104.0"",""201.0"",""997.0"",""998.0""]},{""variable_id"":""spending_cuts_least"",""direction_type"":""categorical_budget_choice"",""code_label_map"":[{""code"":""1"",""label"":""Cut defense spending""},{""code"":""2"",""label"":""Cut domestic spending""},{""code"":""3"",""label"":""Raise taxes""},{""code"":""4"",""label"":""Borrow""}],""unmapped_observed_codes"":[]},{""variable_id"":""spending_cuts_most"",""direction_type"":""categorical_budget_choice"",""code_label_map"":[{""code"":""1"",""label"":""Cut defense spending""},{""code"":""2"",""label"":""Cut domestic spending""},{""code"":""3"",""label"":""Raise taxes""},{""code"":""4"",""label"":""Borrow""}],""unmapped_observed_codes"":[]},{""variable_id"":""spending_education"",""direction_type"":""ordered_spending_increase_decrease"",""code_label_map"":[{""code"":""1"",""label"":""Greatly increase""},{""code"":""2"",""label"":""Slightly increase""},{""code"":""3"",""label"":""Maintain""},{""code"":""4"",""label"":""Slightly decrease""},{""code"":""5"",""label"":""Greatly decrease""}],""unmapped_observed_codes"":[]},{""variable_id"":""spending_healthcare"",""direction_type"":""ordered_spending_increase_decrease"",""code_label_map"":[{""code"":""1"",""label"":""Greatly increase""},{""code"":""2"",""label"":""Slightly increase""},{""code"":""3"",""label"":""Maintain""},{""code"":""4"",""label"":""Slightly decrease""},{""code"":""5"",""label"":""Greatly decrease""}],""unmapped_observed_codes"":[]},{""variable_id"":""spending_infrastructure"",""direction_type"":""ordered_spending_increase_decrease"",""code_label_map"":[{""code"":""1"",""label"":""Greatly increase""},{""code"":""2"",""label"":""Slightly increase""},{""code"":""3"",""label"":""Maintain""},{""code"":""4"",""label"":""Slightly decrease""},{""code"":""5"",""label"":""Greatly decrease""}],""unmapped_observed_codes"":[]},{""variable_id"":""spending_vs_tax"",""direction_type"":""continuous_policy_tradeoff_scale"",""code_label_map"":[{""code"":""0.0"",""label"":""increasing taxes""},{""code"":""100.0"",""label"":""spending cuts on education, health care, welfare and construction""}],""unmapped_observed_codes"":[""102.0"",""104.0"",""107.0"",""110.0"",""192.0"",""194.0"",""997.0"",""998.0""]},{""variable_id"":""spending_welfare"",""direction_type"":""ordered_spending_increase_decrease"",""code_label_map"":[{""code"":""1"",""label"":""Greatly increase""},{""code"":""2"",""label"":""Slightly increase""},{""code"":""3"",""label"":""Maintain""},{""code"":""4"",""label"":""Slightly decrease""},{""code"":""5"",""label"":""Greatly decrease""}],""unmapped_observed_codes"":[]}]",official_ces_policy_preference_codebook_direction_review_available_no_bill_mapping,guide_codebook_labels_available_no_binary_support_direction,no_exact_bill_topic_support_estimate,no_bill_text_direction_alignment_review,no_mrp_or_small_area_estimate,no_bill_text_specific_affected_group_item_acquired,"Review candidate item wording and item direction against the specific public-law bill text, then add respondent geography, microdata, MRP or other small-area estimation, and bill-text-specific affected-population/support/harm sources before treating these codebook directions as bill-topic public-opinion evidence.",https://dataverse.harvard.edu/dataset.xhtml?persistentId=doi:10.7910/DVN/OSXDQO; https://dataverse.harvard.edu/api/datasets/:persistentId/?persistentId=doi:10.7910/DVN/OSXDQO; https://dataverse.harvard.edu/api/access/datafile/6898233; https://dataverse.harvard.edu/api/access/datafile/6898232; https://cces.gov.harvard.edu/; https://electionstudies.org/data-center/; https://www.pewresearch.org/datasets/; https://www.gallup.com/analytics/213617/gallup-analytics.aspx,district_public_opinion_ces_policy_item_response_distribution_review; official_policy_preferences_guide_response_codebook_direction; district_public_opinion_ces_policy_item_codebook_direction_review,exact_bill_topic_item_wording_review; bill_text_direction_alignment_review; bill_topic_public_opinion; respondent_geography_merge; MRP_or_small_area_estimate; bill_text_specific_affected_population_denominator; issue_specific_affected_group_support; affected_group_harm; public_benefit; causal_representation; model_validation,"CES policy-preference codebook-direction packet review only; rows join queued public-law source packets to official guide response labels or continuous-scale endpoint labels for Cumulative CES Policy Preferences candidate variables. The joined labels identify survey-item wording direction only. They are not bill-text-aligned support directions, not exact bill-topic public support estimates, not district support estimates, not MRP or small-area estimates, not bill-text-specific affected-population definitions, not affected-group support or harm, not public-benefit evidence, and not model validation."
2,2,117-hr-5376,117-169,Economics and Public Finance,KY-03,"tax, spending, inflation, or fiscal-policy bill support",incometax_vs_salestax; spending_cuts_least; spending_cuts_most; spending_education; spending_healthcare; spending_infrastructure; spending_vs_tax; spending_welfare,8,8,0,categorical_budget_choice; continuous_policy_tradeoff_scale; ordered_spending_increase_decrease,,,"[{""variable_id"":""incometax_vs_salestax"",""direction_type"":""continuous_policy_tradeoff_scale"",""code_label_map"":[{""code"":""0.0"",""label"":""increase income tax""},{""code"":""100.0"",""label"":""increase sales tax""}],""unmapped_observed_codes"":[""104.0"",""201.0"",""997.0"",""998.0""]},{""variable_id"":""spending_cuts_least"",""direction_type"":""categorical_budget_choice"",""code_label_map"":[{""code"":""1"",""label"":""Cut defense spending""},{""code"":""2"",""label"":""Cut domestic spending""},{""code"":""3"",""label"":""Raise taxes""},{""code"":""4"",""label"":""Borrow""}],""unmapped_observed_codes"":[]},{""variable_id"":""spending_cuts_most"",""direction_type"":""categorical_budget_choice"",""code_label_map"":[{""code"":""1"",""label"":""Cut defense spending""},{""code"":""2"",""label"":""Cut domestic spending""},{""code"":""3"",""label"":""Raise taxes""},{""code"":""4"",""label"":""Borrow""}],""unmapped_observed_codes"":[]},{""variable_id"":""spending_education"",""direction_type"":""ordered_spending_increase_decrease"",""code_label_map"":[{""code"":""1"",""label"":""Greatly increase""},{""code"":""2"",""label"":""Slightly increase""},{""code"":""3"",""label"":""Maintain""},{""code"":""4"",""label"":""Slightly decrease""},{""code"":""5"",""label"":""Greatly decrease""}],""unmapped_observed_codes"":[]},{""variable_id"":""spending_healthcare"",""direction_type"":""ordered_spending_increase_decrease"",""code_label_map"":[{""code"":""1"",""label"":""Greatly increase""},{""code"":""2"",""label"":""Slightly increase""},{""code"":""3"",""label"":""Maintain""},{""code"":""4"",""label"":""Slightly decrease""},{""code"":""5"",""label"":""Greatly decrease""}],""unmapped_observed_codes"":[]},{""variable_id"":""spending_infrastructure"",""direction_type"":""ordered_spending_increase_decrease"",""code_label_map"":[{""code"":""1"",""label"":""Greatly increase""},{""code"":""2"",""label"":""Slightly increase""},{""code"":""3"",""label"":""Maintain""},{""code"":""4"",""label"":""Slightly decrease""},{""code"":""5"",""label"":""Greatly decrease""}],""unmapped_observed_codes"":[]},{""variable_id"":""spending_vs_tax"",""direction_type"":""continuous_policy_tradeoff_scale"",""code_label_map"":[{""code"":""0.0"",""label"":""increasing taxes""},{""code"":""100.0"",""label"":""spending cuts on education, health care, welfare and construction""}],""unmapped_observed_codes"":[""102.0"",""104.0"",""107.0"",""110.0"",""192.0"",""194.0"",""997.0"",""998.0""]},{""variable_id"":""spending_welfare"",""direction_type"":""ordered_spending_increase_decrease"",""code_label_map"":[{""code"":""1"",""label"":""Greatly increase""},{""code"":""2"",""label"":""Slightly increase""},{""code"":""3"",""label"":""Maintain""},{""code"":""4"",""label"":""Slightly decrease""},{""code"":""5"",""label"":""Greatly decrease""}],""unmapped_observed_codes"":[]}]",official_ces_policy_preference_codebook_direction_review_available_no_bill_mapping,guide_codebook_labels_available_no_binary_support_direction,no_exact_bill_topic_support_estimate,no_bill_text_direction_alignment_review,no_mrp_or_small_area_estimate,no_bill_text_specific_affected_group_item_acquired,"Review candidate item wording and item direction against the specific public-law bill text, then add respondent geography, microdata, MRP or other small-area estimation, and bill-text-specific affected-population/support/harm sources before treating these codebook directions as bill-topic public-opinion evidence.",https://dataverse.harvard.edu/dataset.xhtml?persistentId=doi:10.7910/DVN/OSXDQO; https://dataverse.harvard.edu/api/datasets/:persistentId/?persistentId=doi:10.7910/DVN/OSXDQO; https://dataverse.harvard.edu/api/access/datafile/6898233; https://dataverse.harvard.edu/api/access/datafile/6898232; https://cces.gov.harvard.edu/; https://electionstudies.org/data-center/; https://www.pewresearch.org/datasets/; https://www.gallup.com/analytics/213617/gallup-analytics.aspx,district_public_opinion_ces_policy_item_response_distribution_review; official_policy_preferences_guide_response_codebook_direction; district_public_opinion_ces_policy_item_codebook_direction_review,exact_bill_topic_item_wording_review; bill_text_direction_alignment_review; bill_topic_public_opinion; respondent_geography_merge; MRP_or_small_area_estimate; bill_text_specific_affected_population_denominator; issue_specific_affected_group_support; affected_group_harm; public_benefit; causal_representation; model_validation,"CES policy-preference codebook-direction packet review only; rows join queued public-law source packets to official guide response labels or continuous-scale endpoint labels for Cumulative CES Policy Preferences candidate variables. The joined labels identify survey-item wording direction only. They are not bill-text-aligned support directions, not exact bill-topic public support estimates, not district support estimates, not MRP or small-area estimates, not bill-text-specific affected-population definitions, not affected-group support or harm, not public-benefit evidence, and not model validation."
3,3,117-hr-6833,117-180,Economics and Public Finance,MN-02,"tax, spending, inflation, or fiscal-policy bill support",incometax_vs_salestax; spending_cuts_least; spending_cuts_most; spending_education; spending_healthcare; spending_infrastructure; spending_vs_tax; spending_welfare,8,8,0,categorical_budget_choice; continuous_policy_tradeoff_scale; ordered_spending_increase_decrease,,,"[{""variable_id"":""incometax_vs_salestax"",""direction_type"":""continuous_policy_tradeoff_scale"",""code_label_map"":[{""code"":""0.0"",""label"":""increase income tax""},{""code"":""100.0"",""label"":""increase sales tax""}],""unmapped_observed_codes"":[""104.0"",""201.0"",""997.0"",""998.0""]},{""variable_id"":""spending_cuts_least"",""direction_type"":""categorical_budget_choice"",""code_label_map"":[{""code"":""1"",""label"":""Cut defense spending""},{""code"":""2"",""label"":""Cut domestic spending""},{""code"":""3"",""label"":""Raise taxes""},{""code"":""4"",""label"":""Borrow""}],""unmapped_observed_codes"":[]},{""variable_id"":""spending_cuts_most"",""direction_type"":""categorical_budget_choice"",""code_label_map"":[{""code"":""1"",""label"":""Cut defense spending""},{""code"":""2"",""label"":""Cut domestic spending""},{""code"":""3"",""label"":""Raise taxes""},{""code"":""4"",""label"":""Borrow""}],""unmapped_observed_codes"":[]},{""variable_id"":""spending_education"",""direction_type"":""ordered_spending_increase_decrease"",""code_label_map"":[{""code"":""1"",""label"":""Greatly increase""},{""code"":""2"",""label"":""Slightly increase""},{""code"":""3"",""label"":""Maintain""},{""code"":""4"",""label"":""Slightly decrease""},{""code"":""5"",""label"":""Greatly decrease""}],""unmapped_observed_codes"":[]},{""variable_id"":""spending_healthcare"",""direction_type"":""ordered_spending_increase_decrease"",""code_label_map"":[{""code"":""1"",""label"":""Greatly increase""},{""code"":""2"",""label"":""Slightly increase""},{""code"":""3"",""label"":""Maintain""},{""code"":""4"",""label"":""Slightly decrease""},{""code"":""5"",""label"":""Greatly decrease""}],""unmapped_observed_codes"":[]},{""variable_id"":""spending_infrastructure"",""direction_type"":""ordered_spending_increase_decrease"",""code_label_map"":[{""code"":""1"",""label"":""Greatly increase""},{""code"":""2"",""label"":""Slightly increase""},{""code"":""3"",""label"":""Maintain""},{""code"":""4"",""label"":""Slightly decrease""},{""code"":""5"",""label"":""Greatly decrease""}],""unmapped_observed_codes"":[]},{""variable_id"":""spending_vs_tax"",""direction_type"":""continuous_policy_tradeoff_scale"",""code_label_map"":[{""code"":""0.0"",""label"":""increasing taxes""},{""code"":""100.0"",""label"":""spending cuts on education, health care, welfare and construction""}],""unmapped_observed_codes"":[""102.0"",""104.0"",""107.0"",""110.0"",""192.0"",""194.0"",""997.0"",""998.0""]},{""variable_id"":""spending_welfare"",""direction_type"":""ordered_spending_increase_decrease"",""code_label_map"":[{""code"":""1"",""label"":""Greatly increase""},{""code"":""2"",""label"":""Slightly increase""},{""code"":""3"",""label"":""Maintain""},{""code"":""4"",""label"":""Slightly decrease""},{""code"":""5"",""label"":""Greatly decrease""}],""unmapped_observed_codes"":[]}]",official_ces_policy_preference_codebook_direction_review_available_no_bill_mapping,guide_codebook_labels_available_no_binary_support_direction,no_exact_bill_topic_support_estimate,no_bill_text_direction_alignment_review,no_mrp_or_small_area_estimate,no_bill_text_specific_affected_group_item_acquired,"Review candidate item wording and item direction against the specific public-law bill text, then add respondent geography, microdata, MRP or other small-area estimation, and bill-text-specific affected-population/support/harm sources before treating these codebook directions as bill-topic public-opinion evidence.",https://dataverse.harvard.edu/dataset.xhtml?persistentId=doi:10.7910/DVN/OSXDQO; https://dataverse.harvard.edu/api/datasets/:persistentId/?persistentId=doi:10.7910/DVN/OSXDQO; https://dataverse.harvard.edu/api/access/datafile/6898233; https://dataverse.harvard.edu/api/access/datafile/6898232; https://cces.gov.harvard.edu/; https://electionstudies.org/data-center/; https://www.pewresearch.org/datasets/; https://www.gallup.com/analytics/213617/gallup-analytics.aspx,district_public_opinion_ces_policy_item_response_distribution_review; official_policy_preferences_guide_response_codebook_direction; district_public_opinion_ces_policy_item_codebook_direction_review,exact_bill_topic_item_wording_review; bill_text_direction_alignment_review; bill_topic_public_opinion; respondent_geography_merge; MRP_or_small_area_estimate; bill_text_specific_affected_population_denominator; issue_specific_affected_group_support; affected_group_harm; public_benefit; causal_representation; model_validation,"CES policy-preference codebook-direction packet review only; rows join queued public-law source packets to official guide response labels or continuous-scale endpoint labels for Cumulative CES Policy Preferences candidate variables. The joined labels identify survey-item wording direction only. They are not bill-text-aligned support directions, not exact bill-topic public support estimates, not district support estimates, not MRP or small-area estimates, not bill-text-specific affected-population definitions, not affected-group support or harm, not public-benefit evidence, and not model validation."
4,4,117-hr-7776,117-263,Armed Forces and National Security,OR-04,"defense, veterans, or national-security bill support",military_democracy; military_genocide; military_helpun; military_oil; military_protectallies; military_terroristcamp; spending_cuts_least; spending_cuts_most,8,8,6,binary_item_support_oppose; categorical_budget_choice,military_democracy=1; military_genocide=1; military_helpun=1; military_oil=1; military_protectallies=1; military_terroristcamp=1,military_democracy=2; military_genocide=2; military_helpun=2; military_oil=2; military_protectallies=2; military_terroristcamp=2,"[{""variable_id"":""military_democracy"",""direction_type"":""binary_item_support_oppose"",""code_label_map"":[{""code"":""1"",""label"":""Support""},{""code"":""2"",""label"":""Oppose""}],""unmapped_observed_codes"":[]},{""variable_id"":""military_genocide"",""direction_type"":""binary_item_support_oppose"",""code_label_map"":[{""code"":""1"",""label"":""Support""},{""code"":""2"",""label"":""Oppose""}],""unmapped_observed_codes"":[]},{""variable_id"":""military_helpun"",""direction_type"":""binary_item_support_oppose"",""code_label_map"":[{""code"":""1"",""label"":""Support""},{""code"":""2"",""label"":""Oppose""}],""unmapped_observed_codes"":[]},{""variable_id"":""military_oil"",""direction_type"":""binary_item_support_oppose"",""code_label_map"":[{""code"":""1"",""label"":""Support""},{""code"":""2"",""label"":""Oppose""}],""unmapped_observed_codes"":[]},{""variable_id"":""military_protectallies"",""direction_type"":""binary_item_support_oppose"",""code_label_map"":[{""code"":""1"",""label"":""Support""},{""code"":""2"",""label"":""Oppose""}],""unmapped_observed_codes"":[]},{""variable_id"":""military_terroristcamp"",""direction_type"":""binary_item_support_oppose"",""code_label_map"":[{""code"":""1"",""label"":""Support""},{""code"":""2"",""label"":""Oppose""}],""unmapped_observed_codes"":[]},{""variable_id"":""spending_cuts_least"",""direction_type"":""categorical_budget_choice"",""code_label_map"":[{""code"":""1"",""label"":""Cut defense spending""},{""code"":""2"",""label"":""Cut domestic spending""},{""code"":""3"",""label"":""Raise taxes""},{""code"":""4"",""label"":""Borrow""}],""unmapped_observed_codes"":[]},{""variable_id"":""spending_cuts_most"",""direction_type"":""categorical_budget_choice"",""code_label_map"":[{""code"":""1"",""label"":""Cut defense spending""},{""code"":""2"",""label"":""Cut domestic spending""},{""code"":""3"",""label"":""Raise taxes""},{""code"":""4"",""label"":""Borrow""}],""unmapped_observed_codes"":[]}]",official_ces_policy_preference_codebook_direction_review_available_no_bill_mapping,guide_item_wording_support_oppose_codes_available_no_bill_text_alignment,no_exact_bill_topic_support_estimate,no_bill_text_direction_alignment_review,no_mrp_or_small_area_estimate,no_bill_text_specific_affected_group_item_acquired,"Review candidate item wording and item direction against the specific public-law bill text, then add respondent geography, microdata, MRP or other small-area estimation, and bill-text-specific affected-population/support/harm sources before treating these codebook directions as bill-topic public-opinion evidence.",https://dataverse.harvard.edu/dataset.xhtml?persistentId=doi:10.7910/DVN/OSXDQO; https://dataverse.harvard.edu/api/datasets/:persistentId/?persistentId=doi:10.7910/DVN/OSXDQO; https://dataverse.harvard.edu/api/access/datafile/6898233; https://dataverse.harvard.edu/api/access/datafile/6898232; https://cces.gov.harvard.edu/; https://electionstudies.org/data-center/; https://www.pewresearch.org/datasets/; https://www.gallup.com/analytics/213617/gallup-analytics.aspx,district_public_opinion_ces_policy_item_response_distribution_review; official_policy_preferences_guide_response_codebook_direction; district_public_opinion_ces_policy_item_codebook_direction_review,exact_bill_topic_item_wording_review; bill_text_direction_alignment_review; bill_topic_public_opinion; respondent_geography_merge; MRP_or_small_area_estimate; bill_text_specific_affected_population_denominator; issue_specific_affected_group_support; affected_group_harm; public_benefit; causal_representation; model_validation,"CES policy-preference codebook-direction packet review only; rows join queued public-law source packets to official guide response labels or continuous-scale endpoint labels for Cumulative CES Policy Preferences candidate variables. The joined labels identify survey-item wording direction only. They are not bill-text-aligned support directions, not exact bill-topic public support estimates, not district support estimates, not MRP or small-area estimates, not bill-text-specific affected-population definitions, not affected-group support or harm, not public-benefit evidence, and not model validation."
5,5,117-hr-7925,117-238,Armed Forces and National Security,CA-36,"defense, veterans, or national-security bill support",military_democracy; military_genocide; military_helpun; military_oil; military_protectallies; military_terroristcamp; spending_cuts_least; spending_cuts_most,8,8,6,binary_item_support_oppose; categorical_budget_choice,military_democracy=1; military_genocide=1; military_helpun=1; military_oil=1; military_protectallies=1; military_terroristcamp=1,military_democracy=2; military_genocide=2; military_helpun=2; military_oil=2; military_protectallies=2; military_terroristcamp=2,"[{""variable_id"":""military_democracy"",""direction_type"":""binary_item_support_oppose"",""code_label_map"":[{""code"":""1"",""label"":""Support""},{""code"":""2"",""label"":""Oppose""}],""unmapped_observed_codes"":[]},{""variable_id"":""military_genocide"",""direction_type"":""binary_item_support_oppose"",""code_label_map"":[{""code"":""1"",""label"":""Support""},{""code"":""2"",""label"":""Oppose""}],""unmapped_observed_codes"":[]},{""variable_id"":""military_helpun"",""direction_type"":""binary_item_support_oppose"",""code_label_map"":[{""code"":""1"",""label"":""Support""},{""code"":""2"",""label"":""Oppose""}],""unmapped_observed_codes"":[]},{""variable_id"":""military_oil"",""direction_type"":""binary_item_support_oppose"",""code_label_map"":[{""code"":""1"",""label"":""Support""},{""code"":""2"",""label"":""Oppose""}],""unmapped_observed_codes"":[]},{""variable_id"":""military_protectallies"",""direction_type"":""binary_item_support_oppose"",""code_label_map"":[{""code"":""1"",""label"":""Support""},{""code"":""2"",""label"":""Oppose""}],""unmapped_observed_codes"":[]},{""variable_id"":""military_terroristcamp"",""direction_type"":""binary_item_support_oppose"",""code_label_map"":[{""code"":""1"",""label"":""Support""},{""code"":""2"",""label"":""Oppose""}],""unmapped_observed_codes"":[]},{""variable_id"":""spending_cuts_least"",""direction_type"":""categorical_budget_choice"",""code_label_map"":[{""code"":""1"",""label"":""Cut defense spending""},{""code"":""2"",""label"":""Cut domestic spending""},{""code"":""3"",""label"":""Raise taxes""},{""code"":""4"",""label"":""Borrow""}],""unmapped_observed_codes"":[]},{""variable_id"":""spending_cuts_most"",""direction_type"":""categorical_budget_choice"",""code_label_map"":[{""code"":""1"",""label"":""Cut defense spending""},{""code"":""2"",""label"":""Cut domestic spending""},{""code"":""3"",""label"":""Raise taxes""},{""code"":""4"",""label"":""Borrow""}],""unmapped_observed_codes"":[]}]",official_ces_policy_preference_codebook_direction_review_available_no_bill_mapping,guide_item_wording_support_oppose_codes_available_no_bill_text_alignment,no_exact_bill_topic_support_estimate,no_bill_text_direction_alignment_review,no_mrp_or_small_area_estimate,no_bill_text_specific_affected_group_item_acquired,"Review candidate item wording and item direction against the specific public-law bill text, then add respondent geography, microdata, MRP or other small-area estimation, and bill-text-specific affected-population/support/harm sources before treating these codebook directions as bill-topic public-opinion evidence.",https://dataverse.harvard.edu/dataset.xhtml?persistentId=doi:10.7910/DVN/OSXDQO; https://dataverse.harvard.edu/api/datasets/:persistentId/?persistentId=doi:10.7910/DVN/OSXDQO; https://dataverse.harvard.edu/api/access/datafile/6898233; https://dataverse.harvard.edu/api/access/datafile/6898232; https://cces.gov.harvard.edu/; https://electionstudies.org/data-center/; https://www.pewresearch.org/datasets/; https://www.gallup.com/analytics/213617/gallup-analytics.aspx,district_public_opinion_ces_policy_item_response_distribution_review; official_policy_preferences_guide_response_codebook_direction; district_public_opinion_ces_policy_item_codebook_direction_review,exact_bill_topic_item_wording_review; bill_text_direction_alignment_review; bill_topic_public_opinion; respondent_geography_merge; MRP_or_small_area_estimate; bill_text_specific_affected_population_denominator; issue_specific_affected_group_support; affected_group_harm; public_benefit; causal_representation; model_validation,"CES policy-preference codebook-direction packet review only; rows join queued public-law source packets to official guide response labels or continuous-scale endpoint labels for Cumulative CES Policy Preferences candidate variables. The joined labels identify survey-item wording direction only. They are not bill-text-aligned support directions, not exact bill-topic public support estimates, not district support estimates, not MRP or small-area estimates, not bill-text-specific affected-population definitions, not affected-group support or harm, not public-benefit evidence, and not model validation."
6,6,117-hr-6604,117-297,Armed Forces and National Security,FL-16,"defense, veterans, or national-security bill support",military_democracy; military_genocide; military_helpun; military_oil; military_protectallies; military_terroristcamp; spending_cuts_least; spending_cuts_most,8,8,6,binary_item_support_oppose; categorical_budget_choice,military_democracy=1; military_genocide=1; military_helpun=1; military_oil=1; military_protectallies=1; military_terroristcamp=1,military_democracy=2; military_genocide=2; military_helpun=2; military_oil=2; military_protectallies=2; military_terroristcamp=2,"[{""variable_id"":""military_democracy"",""direction_type"":""binary_item_support_oppose"",""code_label_map"":[{""code"":""1"",""label"":""Support""},{""code"":""2"",""label"":""Oppose""}],""unmapped_observed_codes"":[]},{""variable_id"":""military_genocide"",""direction_type"":""binary_item_support_oppose"",""code_label_map"":[{""code"":""1"",""label"":""Support""},{""code"":""2"",""label"":""Oppose""}],""unmapped_observed_codes"":[]},{""variable_id"":""military_helpun"",""direction_type"":""binary_item_support_oppose"",""code_label_map"":[{""code"":""1"",""label"":""Support""},{""code"":""2"",""label"":""Oppose""}],""unmapped_observed_codes"":[]},{""variable_id"":""military_oil"",""direction_type"":""binary_item_support_oppose"",""code_label_map"":[{""code"":""1"",""label"":""Support""},{""code"":""2"",""label"":""Oppose""}],""unmapped_observed_codes"":[]},{""variable_id"":""military_protectallies"",""direction_type"":""binary_item_support_oppose"",""code_label_map"":[{""code"":""1"",""label"":""Support""},{""code"":""2"",""label"":""Oppose""}],""unmapped_observed_codes"":[]},{""variable_id"":""military_terroristcamp"",""direction_type"":""binary_item_support_oppose"",""code_label_map"":[{""code"":""1"",""label"":""Support""},{""code"":""2"",""label"":""Oppose""}],""unmapped_observed_codes"":[]},{""variable_id"":""spending_cuts_least"",""direction_type"":""categorical_budget_choice"",""code_label_map"":[{""code"":""1"",""label"":""Cut defense spending""},{""code"":""2"",""label"":""Cut domestic spending""},{""code"":""3"",""label"":""Raise taxes""},{""code"":""4"",""label"":""Borrow""}],""unmapped_observed_codes"":[]},{""variable_id"":""spending_cuts_most"",""direction_type"":""categorical_budget_choice"",""code_label_map"":[{""code"":""1"",""label"":""Cut defense spending""},{""code"":""2"",""label"":""Cut domestic spending""},{""code"":""3"",""label"":""Raise taxes""},{""code"":""4"",""label"":""Borrow""}],""unmapped_observed_codes"":[]}]",official_ces_policy_preference_codebook_direction_review_available_no_bill_mapping,guide_item_wording_support_oppose_codes_available_no_bill_text_alignment,no_exact_bill_topic_support_estimate,no_bill_text_direction_alignment_review,no_mrp_or_small_area_estimate,no_bill_text_specific_affected_group_item_acquired,"Review candidate item wording and item direction against the specific public-law bill text, then add respondent geography, microdata, MRP or other small-area estimation, and bill-text-specific affected-population/support/harm sources before treating these codebook directions as bill-topic public-opinion evidence.",https://dataverse.harvard.edu/dataset.xhtml?persistentId=doi:10.7910/DVN/OSXDQO; https://dataverse.harvard.edu/api/datasets/:persistentId/?persistentId=doi:10.7910/DVN/OSXDQO; https://dataverse.harvard.edu/api/access/datafile/6898233; https://dataverse.harvard.edu/api/access/datafile/6898232; https://cces.gov.harvard.edu/; https://electionstudies.org/data-center/; https://www.pewresearch.org/datasets/; https://www.gallup.com/analytics/213617/gallup-analytics.aspx,district_public_opinion_ces_policy_item_response_distribution_review; official_policy_preferences_guide_response_codebook_direction; district_public_opinion_ces_policy_item_codebook_direction_review,exact_bill_topic_item_wording_review; bill_text_direction_alignment_review; bill_topic_public_opinion; respondent_geography_merge; MRP_or_small_area_estimate; bill_text_specific_affected_population_denominator; issue_specific_affected_group_support; affected_group_harm; public_benefit; causal_representation; model_validation,"CES policy-preference codebook-direction packet review only; rows join queued public-law source packets to official guide response labels or continuous-scale endpoint labels for Cumulative CES Policy Preferences candidate variables. The joined labels identify survey-item wording direction only. They are not bill-text-aligned support directions, not exact bill-topic public support estimates, not district support estimates, not MRP or small-area estimates, not bill-text-specific affected-population definitions, not affected-group support or harm, not public-benefit evidence, and not model validation."
7,7,117-hr-7132,117-223,"Science, Technology, Communications",NH-02,"technology, communications, broadband, research, or science-policy bill support",,0,0,0,,,,[],no_candidate_item_codebook_direction_available,no_candidate_item_codebook_direction_available,no_exact_bill_topic_support_estimate,no_bill_text_direction_alignment_review,no_mrp_or_small_area_estimate,no_bill_text_specific_affected_group_item_acquired,"Review candidate item wording and item direction against the specific public-law bill text, then add respondent geography, microdata, MRP or other small-area estimation, and bill-text-specific affected-population/support/harm sources before treating these codebook directions as bill-topic public-opinion evidence.",https://cces.gov.harvard.edu/; https://www.pewresearch.org/datasets/; https://gssdataexplorer.norc.org/; https://www.gallup.com/analytics/213617/gallup-analytics.aspx,district_public_opinion_ces_policy_item_response_distribution_review; official_policy_preferences_guide_response_codebook_direction; district_public_opinion_ces_policy_item_codebook_direction_review,exact_bill_topic_item_wording_review; bill_text_direction_alignment_review; bill_topic_public_opinion; respondent_geography_merge; MRP_or_small_area_estimate; bill_text_specific_affected_population_denominator; issue_specific_affected_group_support; affected_group_harm; public_benefit; causal_representation; model_validation,"CES policy-preference codebook-direction packet review only; rows join queued public-law source packets to official guide response labels or continuous-scale endpoint labels for Cumulative CES Policy Preferences candidate variables. The joined labels identify survey-item wording direction only. They are not bill-text-aligned support directions, not exact bill-topic public support estimates, not district support estimates, not MRP or small-area estimates, not bill-text-specific affected-population definitions, not affected-group support or harm, not public-benefit evidence, and not model validation."
8,8,117-hr-4346,117-167,"Science, Technology, Communications",OH-13,"technology, communications, broadband, research, or science-policy bill support",,0,0,0,,,,[],no_candidate_item_codebook_direction_available,no_candidate_item_codebook_direction_available,no_exact_bill_topic_support_estimate,no_bill_text_direction_alignment_review,no_mrp_or_small_area_estimate,no_bill_text_specific_affected_group_item_acquired,"Review candidate item wording and item direction against the specific public-law bill text, then add respondent geography, microdata, MRP or other small-area estimation, and bill-text-specific affected-population/support/harm sources before treating these codebook directions as bill-topic public-opinion evidence.",https://cces.gov.harvard.edu/; https://www.pewresearch.org/datasets/; https://gssdataexplorer.norc.org/; https://www.gallup.com/analytics/213617/gallup-analytics.aspx,district_public_opinion_ces_policy_item_response_distribution_review; official_policy_preferences_guide_response_codebook_direction; district_public_opinion_ces_policy_item_codebook_direction_review,exact_bill_topic_item_wording_review; bill_text_direction_alignment_review; bill_topic_public_opinion; respondent_geography_merge; MRP_or_small_area_estimate; bill_text_specific_affected_population_denominator; issue_specific_affected_group_support; affected_group_harm; public_benefit; causal_representation; model_validation,"CES policy-preference codebook-direction packet review only; rows join queued public-law source packets to official guide response labels or continuous-scale endpoint labels for Cumulative CES Policy Preferences candidate variables. The joined labels identify survey-item wording direction only. They are not bill-text-aligned support directions, not exact bill-topic public support estimates, not district support estimates, not MRP or small-area estimates, not bill-text-specific affected-population definitions, not affected-group support or harm, not public-benefit evidence, and not model validation."
9,9,117-hr-2472,117-269,Government Operations and Politics,OH-06,"government-operations, democracy, ethics, or institutional-reform bill support",,0,0,0,,,,[],no_candidate_item_codebook_direction_available,no_candidate_item_codebook_direction_available,no_exact_bill_topic_support_estimate,no_bill_text_direction_alignment_review,no_mrp_or_small_area_estimate,no_bill_text_specific_affected_group_item_acquired,"Review candidate item wording and item direction against the specific public-law bill text, then add respondent geography, microdata, MRP or other small-area estimation, and bill-text-specific affected-population/support/harm sources before treating these codebook directions as bill-topic public-opinion evidence.",https://cces.gov.harvard.edu/; https://electionstudies.org/data-center/; https://www.pewresearch.org/datasets/; https://gssdataexplorer.norc.org/; https://prri.org/prri-research/data-vault/,district_public_opinion_ces_policy_item_response_distribution_review; official_policy_preferences_guide_response_codebook_direction; district_public_opinion_ces_policy_item_codebook_direction_review,exact_bill_topic_item_wording_review; bill_text_direction_alignment_review; bill_topic_public_opinion; respondent_geography_merge; MRP_or_small_area_estimate; bill_text_specific_affected_population_denominator; issue_specific_affected_group_support; affected_group_harm; public_benefit; causal_representation; model_validation,"CES policy-preference codebook-direction packet review only; rows join queued public-law source packets to official guide response labels or continuous-scale endpoint labels for Cumulative CES Policy Preferences candidate variables. The joined labels identify survey-item wording direction only. They are not bill-text-aligned support directions, not exact bill-topic public support estimates, not district support estimates, not MRP or small-area estimates, not bill-text-specific affected-population definitions, not affected-group support or harm, not public-benefit evidence, and not model validation."
10,10,117-hr-7352,117-166,Commerce,NY-07,"commerce, consumer, or business-regulation bill support",trade_canmex_except; trade_canmex_include; trade_china,3,3,3,binary_item_support_oppose,trade_canmex_except=1; trade_canmex_include=1; trade_china=1,trade_canmex_except=2; trade_canmex_include=2; trade_china=2,"[{""variable_id"":""trade_canmex_except"",""direction_type"":""binary_item_support_oppose"",""code_label_map"":[{""code"":""1"",""label"":""Support""},{""code"":""2"",""label"":""Oppose""}],""unmapped_observed_codes"":[]},{""variable_id"":""trade_canmex_include"",""direction_type"":""binary_item_support_oppose"",""code_label_map"":[{""code"":""1"",""label"":""Support""},{""code"":""2"",""label"":""Oppose""}],""unmapped_observed_codes"":[]},{""variable_id"":""trade_china"",""direction_type"":""binary_item_support_oppose"",""code_label_map"":[{""code"":""1"",""label"":""Support""},{""code"":""2"",""label"":""Oppose""}],""unmapped_observed_codes"":[]}]",official_ces_policy_preference_codebook_direction_review_available_no_bill_mapping,guide_item_wording_support_oppose_codes_available_no_bill_text_alignment,no_exact_bill_topic_support_estimate,no_bill_text_direction_alignment_review,no_mrp_or_small_area_estimate,no_bill_text_specific_affected_group_item_acquired,"Review candidate item wording and item direction against the specific public-law bill text, then add respondent geography, microdata, MRP or other small-area estimation, and bill-text-specific affected-population/support/harm sources before treating these codebook directions as bill-topic public-opinion evidence.",https://dataverse.harvard.edu/dataset.xhtml?persistentId=doi:10.7910/DVN/OSXDQO; https://dataverse.harvard.edu/api/datasets/:persistentId/?persistentId=doi:10.7910/DVN/OSXDQO; https://dataverse.harvard.edu/api/access/datafile/6898233; https://dataverse.harvard.edu/api/access/datafile/6898232; https://cces.gov.harvard.edu/; https://www.pewresearch.org/datasets/; https://gssdataexplorer.norc.org/; https://www.gallup.com/analytics/213617/gallup-analytics.aspx,district_public_opinion_ces_policy_item_response_distribution_review; official_policy_preferences_guide_response_codebook_direction; district_public_opinion_ces_policy_item_codebook_direction_review,exact_bill_topic_item_wording_review; bill_text_direction_alignment_review; bill_topic_public_opinion; respondent_geography_merge; MRP_or_small_area_estimate; bill_text_specific_affected_population_denominator; issue_specific_affected_group_support; affected_group_harm; public_benefit; causal_representation; model_validation,"CES policy-preference codebook-direction packet review only; rows join queued public-law source packets to official guide response labels or continuous-scale endpoint labels for Cumulative CES Policy Preferences candidate variables. The joined labels identify survey-item wording direction only. They are not bill-text-aligned support directions, not exact bill-topic public support estimates, not district support estimates, not MRP or small-area estimates, not bill-text-specific affected-population definitions, not affected-group support or harm, not public-benefit evidence, and not model validation."
11,11,117-hr-1652,117-27,Crime and Law Enforcement,NY-10,"crime, policing, sentencing, or law-enforcement bill support",guns_assaultban; guns_bgchecks; guns_names; guns_permits; guns_scale; spending_police,6,6,4,binary_item_support_oppose; ordered_policy_scale; ordered_spending_increase_decrease,guns_assaultban=1; guns_bgchecks=1; guns_names=1; guns_permits=1,guns_assaultban=2; guns_bgchecks=2; guns_names=2; guns_permits=2,"[{""variable_id"":""guns_assaultban"",""direction_type"":""binary_item_support_oppose"",""code_label_map"":[{""code"":""1"",""label"":""Support""},{""code"":""2"",""label"":""Oppose""}],""unmapped_observed_codes"":[]},{""variable_id"":""guns_bgchecks"",""direction_type"":""binary_item_support_oppose"",""code_label_map"":[{""code"":""1"",""label"":""Support""},{""code"":""2"",""label"":""Oppose""}],""unmapped_observed_codes"":[]},{""variable_id"":""guns_names"",""direction_type"":""binary_item_support_oppose"",""code_label_map"":[{""code"":""1"",""label"":""Support""},{""code"":""2"",""label"":""Oppose""}],""unmapped_observed_codes"":[]},{""variable_id"":""guns_permits"",""direction_type"":""binary_item_support_oppose"",""code_label_map"":[{""code"":""1"",""label"":""Support""},{""code"":""2"",""label"":""Oppose""}],""unmapped_observed_codes"":[]},{""variable_id"":""guns_scale"",""direction_type"":""ordered_policy_scale"",""code_label_map"":[{""code"":""1"",""label"":""More strict""},{""code"":""2"",""label"":""Less strict""},{""code"":""3"",""label"":""Kept as they are""}],""unmapped_observed_codes"":[]},{""variable_id"":""spending_police"",""direction_type"":""ordered_spending_increase_decrease"",""code_label_map"":[{""code"":""1"",""label"":""Greatly increase""},{""code"":""2"",""label"":""Slightly increase""},{""code"":""3"",""label"":""Maintain""},{""code"":""4"",""label"":""Slightly decrease""},{""code"":""5"",""label"":""Greatly decrease""}],""unmapped_observed_codes"":[]}]",official_ces_policy_preference_codebook_direction_review_available_no_bill_mapping,guide_item_wording_support_oppose_codes_available_no_bill_text_alignment,no_exact_bill_topic_support_estimate,no_bill_text_direction_alignment_review,no_mrp_or_small_area_estimate,no_bill_text_specific_affected_group_item_acquired,"Review candidate item wording and item direction against the specific public-law bill text, then add respondent geography, microdata, MRP or other small-area estimation, and bill-text-specific affected-population/support/harm sources before treating these codebook directions as bill-topic public-opinion evidence.",https://dataverse.harvard.edu/dataset.xhtml?persistentId=doi:10.7910/DVN/OSXDQO; https://dataverse.harvard.edu/api/datasets/:persistentId/?persistentId=doi:10.7910/DVN/OSXDQO; https://dataverse.harvard.edu/api/access/datafile/6898233; https://dataverse.harvard.edu/api/access/datafile/6898232; https://cces.gov.harvard.edu/; https://electionstudies.org/data-center/; https://www.pewresearch.org/datasets/; https://www.gallup.com/analytics/213617/gallup-analytics.aspx,district_public_opinion_ces_policy_item_response_distribution_review; official_policy_preferences_guide_response_codebook_direction; district_public_opinion_ces_policy_item_codebook_direction_review,exact_bill_topic_item_wording_review; bill_text_direction_alignment_review; bill_topic_public_opinion; respondent_geography_merge; MRP_or_small_area_estimate; bill_text_specific_affected_population_denominator; issue_specific_affected_group_support; affected_group_harm; public_benefit; causal_representation; model_validation,"CES policy-preference codebook-direction packet review only; rows join queued public-law source packets to official guide response labels or continuous-scale endpoint labels for Cumulative CES Policy Preferences candidate variables. The joined labels identify survey-item wording direction only. They are not bill-text-aligned support directions, not exact bill-topic public support estimates, not district support estimates, not MRP or small-area estimates, not bill-text-specific affected-population definitions, not affected-group support or harm, not public-benefit evidence, and not model validation."
12,12,117-hr-3113,117-114,Public Lands and Natural Resources,UT-01,"public-lands, conservation, resource, or environmental-management bill support",enviro_airwateracts; enviro_carbon; enviro_mpg_raise; enviro_renewable; enviro_scale; enviro_vs_jobs,6,6,4,binary_item_support_oppose; ordered_policy_scale,enviro_airwateracts=1; enviro_carbon=1; enviro_mpg_raise=1; enviro_renewable=1,enviro_airwateracts=2; enviro_carbon=2; enviro_mpg_raise=2; enviro_renewable=2,"[{""variable_id"":""enviro_airwateracts"",""direction_type"":""binary_item_support_oppose"",""code_label_map"":[{""code"":""1"",""label"":""Support""},{""code"":""2"",""label"":""Oppose""}],""unmapped_observed_codes"":[]},{""variable_id"":""enviro_carbon"",""direction_type"":""binary_item_support_oppose"",""code_label_map"":[{""code"":""1"",""label"":""Support""},{""code"":""2"",""label"":""Oppose""}],""unmapped_observed_codes"":[]},{""variable_id"":""enviro_mpg_raise"",""direction_type"":""binary_item_support_oppose"",""code_label_map"":[{""code"":""1"",""label"":""Support""},{""code"":""2"",""label"":""Oppose""}],""unmapped_observed_codes"":[]},{""variable_id"":""enviro_renewable"",""direction_type"":""binary_item_support_oppose"",""code_label_map"":[{""code"":""1"",""label"":""Support""},{""code"":""2"",""label"":""Oppose""}],""unmapped_observed_codes"":[]},{""variable_id"":""enviro_scale"",""direction_type"":""ordered_policy_scale"",""code_label_map"":[{""code"":""1"",""label"":""Immediate action""},{""code"":""2"",""label"":""Some action""},{""code"":""3"",""label"":""More research needed""},{""code"":""4"",""label"":""No action necessary""},{""code"":""5"",""label"":""Climate change not occurring""}],""unmapped_observed_codes"":[]},{""variable_id"":""enviro_vs_jobs"",""direction_type"":""ordered_policy_scale"",""code_label_map"":[{""code"":""1"",""label"":""Environment much more important""},{""code"":""2"",""label"":""Environment somewhat more important""},{""code"":""3"",""label"":""Environment and jobs of same importance""},{""code"":""4"",""label"":""Jobs somewhat more important""},{""code"":""5"",""label"":""Jobs much more important""},{""code"":""6"",""label"":""Haven\u2019t thought much about this""}],""unmapped_observed_codes"":[]}]",official_ces_policy_preference_codebook_direction_review_available_no_bill_mapping,guide_item_wording_support_oppose_codes_available_no_bill_text_alignment,no_exact_bill_topic_support_estimate,no_bill_text_direction_alignment_review,no_mrp_or_small_area_estimate,no_bill_text_specific_affected_group_item_acquired,"Review candidate item wording and item direction against the specific public-law bill text, then add respondent geography, microdata, MRP or other small-area estimation, and bill-text-specific affected-population/support/harm sources before treating these codebook directions as bill-topic public-opinion evidence.",https://dataverse.harvard.edu/dataset.xhtml?persistentId=doi:10.7910/DVN/OSXDQO; https://dataverse.harvard.edu/api/datasets/:persistentId/?persistentId=doi:10.7910/DVN/OSXDQO; https://dataverse.harvard.edu/api/access/datafile/6898233; https://dataverse.harvard.edu/api/access/datafile/6898232; https://cces.gov.harvard.edu/; https://www.pewresearch.org/datasets/; https://www.gallup.com/analytics/213617/gallup-analytics.aspx; https://gssdataexplorer.norc.org/,district_public_opinion_ces_policy_item_response_distribution_review; official_policy_preferences_guide_response_codebook_direction; district_public_opinion_ces_policy_item_codebook_direction_review,exact_bill_topic_item_wording_review; bill_text_direction_alignment_review; bill_topic_public_opinion; respondent_geography_merge; MRP_or_small_area_estimate; bill_text_specific_affected_population_denominator; issue_specific_affected_group_support; affected_group_harm; public_benefit; causal_representation; model_validation,"CES policy-preference codebook-direction packet review only; rows join queued public-law source packets to official guide response labels or continuous-scale endpoint labels for Cumulative CES Policy Preferences candidate variables. The joined labels identify survey-item wording direction only. They are not bill-text-aligned support directions, not exact bill-topic public support estimates, not district support estimates, not MRP or small-area estimates, not bill-text-specific affected-population definitions, not affected-group support or harm, not public-benefit evidence, and not model validation."
13,13,117-hr-6943,117-172,Crime and Law Enforcement,MD-06,"crime, policing, sentencing, or law-enforcement bill support",guns_assaultban; guns_bgchecks; guns_names; guns_permits; guns_scale; spending_police,6,6,4,binary_item_support_oppose; ordered_policy_scale; ordered_spending_increase_decrease,guns_assaultban=1; guns_bgchecks=1; guns_names=1; guns_permits=1,guns_assaultban=2; guns_bgchecks=2; guns_names=2; guns_permits=2,"[{""variable_id"":""guns_assaultban"",""direction_type"":""binary_item_support_oppose"",""code_label_map"":[{""code"":""1"",""label"":""Support""},{""code"":""2"",""label"":""Oppose""}],""unmapped_observed_codes"":[]},{""variable_id"":""guns_bgchecks"",""direction_type"":""binary_item_support_oppose"",""code_label_map"":[{""code"":""1"",""label"":""Support""},{""code"":""2"",""label"":""Oppose""}],""unmapped_observed_codes"":[]},{""variable_id"":""guns_names"",""direction_type"":""binary_item_support_oppose"",""code_label_map"":[{""code"":""1"",""label"":""Support""},{""code"":""2"",""label"":""Oppose""}],""unmapped_observed_codes"":[]},{""variable_id"":""guns_permits"",""direction_type"":""binary_item_support_oppose"",""code_label_map"":[{""code"":""1"",""label"":""Support""},{""code"":""2"",""label"":""Oppose""}],""unmapped_observed_codes"":[]},{""variable_id"":""guns_scale"",""direction_type"":""ordered_policy_scale"",""code_label_map"":[{""code"":""1"",""label"":""More strict""},{""code"":""2"",""label"":""Less strict""},{""code"":""3"",""label"":""Kept as they are""}],""unmapped_observed_codes"":[]},{""variable_id"":""spending_police"",""direction_type"":""ordered_spending_increase_decrease"",""code_label_map"":[{""code"":""1"",""label"":""Greatly increase""},{""code"":""2"",""label"":""Slightly increase""},{""code"":""3"",""label"":""Maintain""},{""code"":""4"",""label"":""Slightly decrease""},{""code"":""5"",""label"":""Greatly decrease""}],""unmapped_observed_codes"":[]}]",official_ces_policy_preference_codebook_direction_review_available_no_bill_mapping,guide_item_wording_support_oppose_codes_available_no_bill_text_alignment,no_exact_bill_topic_support_estimate,no_bill_text_direction_alignment_review,no_mrp_or_small_area_estimate,no_bill_text_specific_affected_group_item_acquired,"Review candidate item wording and item direction against the specific public-law bill text, then add respondent geography, microdata, MRP or other small-area estimation, and bill-text-specific affected-population/support/harm sources before treating these codebook directions as bill-topic public-opinion evidence.",https://dataverse.harvard.edu/dataset.xhtml?persistentId=doi:10.7910/DVN/OSXDQO; https://dataverse.harvard.edu/api/datasets/:persistentId/?persistentId=doi:10.7910/DVN/OSXDQO; https://dataverse.harvard.edu/api/access/datafile/6898233; https://dataverse.harvard.edu/api/access/datafile/6898232; https://cces.gov.harvard.edu/; https://electionstudies.org/data-center/; https://www.pewresearch.org/datasets/; https://www.gallup.com/analytics/213617/gallup-analytics.aspx,district_public_opinion_ces_policy_item_response_distribution_review; official_policy_preferences_guide_response_codebook_direction; district_public_opinion_ces_policy_item_codebook_direction_review,exact_bill_topic_item_wording_review; bill_text_direction_alignment_review; bill_topic_public_opinion; respondent_geography_merge; MRP_or_small_area_estimate; bill_text_specific_affected_population_denominator; issue_specific_affected_group_support; affected_group_harm; public_benefit; causal_representation; model_validation,"CES policy-preference codebook-direction packet review only; rows join queued public-law source packets to official guide response labels or continuous-scale endpoint labels for Cumulative CES Policy Preferences candidate variables. The joined labels identify survey-item wording direction only. They are not bill-text-aligned support directions, not exact bill-topic public support estimates, not district support estimates, not MRP or small-area estimates, not bill-text-specific affected-population definitions, not affected-group support or harm, not public-benefit evidence, and not model validation."
14,14,117-hr-8404,117-228,"Civil Rights and Liberties, Minority Issues",NY-10,civil-rights or minority-rights bill support,affirmativeaction; affirmativeaction_scale; gaymarriage_ban; gaymarriage_legalize; gaymarriage_scale,5,5,2,binary_item_support_oppose; ordered_support_opposition_scale,affirmativeaction_scale=2; gaymarriage_ban=1; gaymarriage_legalize=1,affirmativeaction_scale=6; gaymarriage_ban=2; gaymarriage_legalize=2,"[{""variable_id"":""affirmativeaction"",""direction_type"":""ordered_support_opposition_scale"",""code_label_map"":[{""code"":""1"",""label"":""Strongly support""},{""code"":""2"",""label"":""Somewhat support""},{""code"":""3"",""label"":""Somewhat oppose""},{""code"":""4"",""label"":""Strongly oppose""}],""unmapped_observed_codes"":[]},{""variable_id"":""affirmativeaction_scale"",""direction_type"":""ordered_support_opposition_scale"",""code_label_map"":[{""code"":""1"",""label"":""Strongly support""},{""code"":""2"",""label"":""Support""},{""code"":""3"",""label"":""Somewhat support""},{""code"":""4"",""label"":""Neither support nor oppose""},{""code"":""5"",""label"":""Somewhat oppose""},{""code"":""6"",""label"":""Oppose""},{""code"":""7"",""label"":""Strongly oppose""}],""unmapped_observed_codes"":[]},{""variable_id"":""gaymarriage_ban"",""direction_type"":""binary_item_support_oppose"",""code_label_map"":[{""code"":""1"",""label"":""Support""},{""code"":""2"",""label"":""Oppose""}],""unmapped_observed_codes"":[]},{""variable_id"":""gaymarriage_legalize"",""direction_type"":""binary_item_support_oppose"",""code_label_map"":[{""code"":""1"",""label"":""Support""},{""code"":""2"",""label"":""Oppose""}],""unmapped_observed_codes"":[]},{""variable_id"":""gaymarriage_scale"",""direction_type"":""ordered_support_opposition_scale"",""code_label_map"":[{""code"":""1"",""label"":""Strongly support""},{""code"":""2"",""label"":""Somewhat support""},{""code"":""3"",""label"":""Somewhat oppose""},{""code"":""4"",""label"":""Stongly oppose""},{""code"":""5"",""label"":""Don\u2019t know""}],""unmapped_observed_codes"":[]}]",official_ces_policy_preference_codebook_direction_review_available_no_bill_mapping,guide_item_wording_support_oppose_codes_available_no_bill_text_alignment,no_exact_bill_topic_support_estimate,no_bill_text_direction_alignment_review,no_mrp_or_small_area_estimate,no_bill_text_specific_affected_group_item_acquired,"Review candidate item wording and item direction against the specific public-law bill text, then add respondent geography, microdata, MRP or other small-area estimation, and bill-text-specific affected-population/support/harm sources before treating these codebook directions as bill-topic public-opinion evidence.",https://dataverse.harvard.edu/dataset.xhtml?persistentId=doi:10.7910/DVN/OSXDQO; https://dataverse.harvard.edu/api/datasets/:persistentId/?persistentId=doi:10.7910/DVN/OSXDQO; https://dataverse.harvard.edu/api/access/datafile/6898233; https://dataverse.harvard.edu/api/access/datafile/6898232; https://cces.gov.harvard.edu/; https://electionstudies.org/data-center/; https://prri.org/prri-research/data-vault/; https://www.pewresearch.org/datasets/,district_public_opinion_ces_policy_item_response_distribution_review; official_policy_preferences_guide_response_codebook_direction; district_public_opinion_ces_policy_item_codebook_direction_review,exact_bill_topic_item_wording_review; bill_text_direction_alignment_review; bill_topic_public_opinion; respondent_geography_merge; MRP_or_small_area_estimate; bill_text_specific_affected_population_denominator; issue_specific_affected_group_support; affected_group_harm; public_benefit; causal_representation; model_validation,"CES policy-preference codebook-direction packet review only; rows join queued public-law source packets to official guide response labels or continuous-scale endpoint labels for Cumulative CES Policy Preferences candidate variables. The joined labels identify survey-item wording direction only. They are not bill-text-aligned support directions, not exact bill-topic public support estimates, not district support estimates, not MRP or small-area estimates, not bill-text-specific affected-population definitions, not affected-group support or harm, not public-benefit evidence, and not model validation."
15,15,117-hr-8454,117-215,Crime and Law Enforcement,OR-03,"crime, policing, sentencing, or law-enforcement bill support",guns_assaultban; guns_bgchecks; guns_names; guns_permits; guns_scale; spending_police,6,6,4,binary_item_support_oppose; ordered_policy_scale; ordered_spending_increase_decrease,guns_assaultban=1; guns_bgchecks=1; guns_names=1; guns_permits=1,guns_assaultban=2; guns_bgchecks=2; guns_names=2; guns_permits=2,"[{""variable_id"":""guns_assaultban"",""direction_type"":""binary_item_support_oppose"",""code_label_map"":[{""code"":""1"",""label"":""Support""},{""code"":""2"",""label"":""Oppose""}],""unmapped_observed_codes"":[]},{""variable_id"":""guns_bgchecks"",""direction_type"":""binary_item_support_oppose"",""code_label_map"":[{""code"":""1"",""label"":""Support""},{""code"":""2"",""label"":""Oppose""}],""unmapped_observed_codes"":[]},{""variable_id"":""guns_names"",""direction_type"":""binary_item_support_oppose"",""code_label_map"":[{""code"":""1"",""label"":""Support""},{""code"":""2"",""label"":""Oppose""}],""unmapped_observed_codes"":[]},{""variable_id"":""guns_permits"",""direction_type"":""binary_item_support_oppose"",""code_label_map"":[{""code"":""1"",""label"":""Support""},{""code"":""2"",""label"":""Oppose""}],""unmapped_observed_codes"":[]},{""variable_id"":""guns_scale"",""direction_type"":""ordered_policy_scale"",""code_label_map"":[{""code"":""1"",""label"":""More strict""},{""code"":""2"",""label"":""Less strict""},{""code"":""3"",""label"":""Kept as they are""}],""unmapped_observed_codes"":[]},{""variable_id"":""spending_police"",""direction_type"":""ordered_spending_increase_decrease"",""code_label_map"":[{""code"":""1"",""label"":""Greatly increase""},{""code"":""2"",""label"":""Slightly increase""},{""code"":""3"",""label"":""Maintain""},{""code"":""4"",""label"":""Slightly decrease""},{""code"":""5"",""label"":""Greatly decrease""}],""unmapped_observed_codes"":[]}]",official_ces_policy_preference_codebook_direction_review_available_no_bill_mapping,guide_item_wording_support_oppose_codes_available_no_bill_text_alignment,no_exact_bill_topic_support_estimate,no_bill_text_direction_alignment_review,no_mrp_or_small_area_estimate,no_bill_text_specific_affected_group_item_acquired,"Review candidate item wording and item direction against the specific public-law bill text, then add respondent geography, microdata, MRP or other small-area estimation, and bill-text-specific affected-population/support/harm sources before treating these codebook directions as bill-topic public-opinion evidence.",https://dataverse.harvard.edu/dataset.xhtml?persistentId=doi:10.7910/DVN/OSXDQO; https://dataverse.harvard.edu/api/datasets/:persistentId/?persistentId=doi:10.7910/DVN/OSXDQO; https://dataverse.harvard.edu/api/access/datafile/6898233; https://dataverse.harvard.edu/api/access/datafile/6898232; https://cces.gov.harvard.edu/; https://electionstudies.org/data-center/; https://www.pewresearch.org/datasets/; https://www.gallup.com/analytics/213617/gallup-analytics.aspx,district_public_opinion_ces_policy_item_response_distribution_review; official_policy_preferences_guide_response_codebook_direction; district_public_opinion_ces_policy_item_codebook_direction_review,exact_bill_topic_item_wording_review; bill_text_direction_alignment_review; bill_topic_public_opinion; respondent_geography_merge; MRP_or_small_area_estimate; bill_text_specific_affected_population_denominator; issue_specific_affected_group_support; affected_group_harm; public_benefit; causal_representation; model_validation,"CES policy-preference codebook-direction packet review only; rows join queued public-law source packets to official guide response labels or continuous-scale endpoint labels for Cumulative CES Policy Preferences candidate variables. The joined labels identify survey-item wording direction only. They are not bill-text-aligned support directions, not exact bill-topic public support estimates, not district support estimates, not MRP or small-area estimates, not bill-text-specific affected-population definitions, not affected-group support or harm, not public-benefit evidence, and not model validation."
16,16,117-hr-6386,117-295,Government Operations and Politics,IL-08,"government-operations, democracy, ethics, or institutional-reform bill support",,0,0,0,,,,[],no_candidate_item_codebook_direction_available,no_candidate_item_codebook_direction_available,no_exact_bill_topic_support_estimate,no_bill_text_direction_alignment_review,no_mrp_or_small_area_estimate,no_bill_text_specific_affected_group_item_acquired,"Review candidate item wording and item direction against the specific public-law bill text, then add respondent geography, microdata, MRP or other small-area estimation, and bill-text-specific affected-population/support/harm sources before treating these codebook directions as bill-topic public-opinion evidence.",https://cces.gov.harvard.edu/; https://electionstudies.org/data-center/; https://www.pewresearch.org/datasets/; https://gssdataexplorer.norc.org/; https://prri.org/prri-research/data-vault/,district_public_opinion_ces_policy_item_response_distribution_review; official_policy_preferences_guide_response_codebook_direction; district_public_opinion_ces_policy_item_codebook_direction_review,exact_bill_topic_item_wording_review; bill_text_direction_alignment_review; bill_topic_public_opinion; respondent_geography_merge; MRP_or_small_area_estimate; bill_text_specific_affected_population_denominator; issue_specific_affected_group_support; affected_group_harm; public_benefit; causal_representation; model_validation,"CES policy-preference codebook-direction packet review only; rows join queued public-law source packets to official guide response labels or continuous-scale endpoint labels for Cumulative CES Policy Preferences candidate variables. The joined labels identify survey-item wording direction only. They are not bill-text-aligned support directions, not exact bill-topic public support estimates, not district support estimates, not MRP or small-area estimates, not bill-text-specific affected-population definitions, not affected-group support or harm, not public-benefit evidence, and not model validation."
17,17,117-hr-1842,117-163,Finance and Financial Sector,NY-05,"banking, credit, investor, or financial-regulation bill support",incometax_vs_salestax; spending_cuts_least; spending_cuts_most; spending_vs_tax,4,4,0,categorical_budget_choice; continuous_policy_tradeoff_scale,,,"[{""variable_id"":""incometax_vs_salestax"",""direction_type"":""continuous_policy_tradeoff_scale"",""code_label_map"":[{""code"":""0.0"",""label"":""increase income tax""},{""code"":""100.0"",""label"":""increase sales tax""}],""unmapped_observed_codes"":[""104.0"",""201.0"",""997.0"",""998.0""]},{""variable_id"":""spending_cuts_least"",""direction_type"":""categorical_budget_choice"",""code_label_map"":[{""code"":""1"",""label"":""Cut defense spending""},{""code"":""2"",""label"":""Cut domestic spending""},{""code"":""3"",""label"":""Raise taxes""},{""code"":""4"",""label"":""Borrow""}],""unmapped_observed_codes"":[]},{""variable_id"":""spending_cuts_most"",""direction_type"":""categorical_budget_choice"",""code_label_map"":[{""code"":""1"",""label"":""Cut defense spending""},{""code"":""2"",""label"":""Cut domestic spending""},{""code"":""3"",""label"":""Raise taxes""},{""code"":""4"",""label"":""Borrow""}],""unmapped_observed_codes"":[]},{""variable_id"":""spending_vs_tax"",""direction_type"":""continuous_policy_tradeoff_scale"",""code_label_map"":[{""code"":""0.0"",""label"":""increasing taxes""},{""code"":""100.0"",""label"":""spending cuts on education, health care, welfare and construction""}],""unmapped_observed_codes"":[""102.0"",""104.0"",""107.0"",""110.0"",""192.0"",""194.0"",""997.0"",""998.0""]}]",official_ces_policy_preference_codebook_direction_review_available_no_bill_mapping,guide_codebook_labels_available_no_binary_support_direction,no_exact_bill_topic_support_estimate,no_bill_text_direction_alignment_review,no_mrp_or_small_area_estimate,no_bill_text_specific_affected_group_item_acquired,"Review candidate item wording and item direction against the specific public-law bill text, then add respondent geography, microdata, MRP or other small-area estimation, and bill-text-specific affected-population/support/harm sources before treating these codebook directions as bill-topic public-opinion evidence.",https://dataverse.harvard.edu/dataset.xhtml?persistentId=doi:10.7910/DVN/OSXDQO; https://dataverse.harvard.edu/api/datasets/:persistentId/?persistentId=doi:10.7910/DVN/OSXDQO; https://dataverse.harvard.edu/api/access/datafile/6898233; https://dataverse.harvard.edu/api/access/datafile/6898232; https://cces.gov.harvard.edu/; https://www.pewresearch.org/datasets/; https://gssdataexplorer.norc.org/; https://www.gallup.com/analytics/213617/gallup-analytics.aspx,district_public_opinion_ces_policy_item_response_distribution_review; official_policy_preferences_guide_response_codebook_direction; district_public_opinion_ces_policy_item_codebook_direction_review,exact_bill_topic_item_wording_review; bill_text_direction_alignment_review; bill_topic_public_opinion; respondent_geography_merge; MRP_or_small_area_estimate; bill_text_specific_affected_population_denominator; issue_specific_affected_group_support; affected_group_harm; public_benefit; causal_representation; model_validation,"CES policy-preference codebook-direction packet review only; rows join queued public-law source packets to official guide response labels or continuous-scale endpoint labels for Cumulative CES Policy Preferences candidate variables. The joined labels identify survey-item wording direction only. They are not bill-text-aligned support directions, not exact bill-topic public support estimates, not district support estimates, not MRP or small-area estimates, not bill-text-specific affected-population definitions, not affected-group support or harm, not public-benefit evidence, and not model validation."
18,18,117-hr-3359,117-164,Crime and Law Enforcement,CA-15,"crime, policing, sentencing, or law-enforcement bill support",guns_assaultban; guns_bgchecks; guns_names; guns_permits; guns_scale; spending_police,6,6,4,binary_item_support_oppose; ordered_policy_scale; ordered_spending_increase_decrease,guns_assaultban=1; guns_bgchecks=1; guns_names=1; guns_permits=1,guns_assaultban=2; guns_bgchecks=2; guns_names=2; guns_permits=2,"[{""variable_id"":""guns_assaultban"",""direction_type"":""binary_item_support_oppose"",""code_label_map"":[{""code"":""1"",""label"":""Support""},{""code"":""2"",""label"":""Oppose""}],""unmapped_observed_codes"":[]},{""variable_id"":""guns_bgchecks"",""direction_type"":""binary_item_support_oppose"",""code_label_map"":[{""code"":""1"",""label"":""Support""},{""code"":""2"",""label"":""Oppose""}],""unmapped_observed_codes"":[]},{""variable_id"":""guns_names"",""direction_type"":""binary_item_support_oppose"",""code_label_map"":[{""code"":""1"",""label"":""Support""},{""code"":""2"",""label"":""Oppose""}],""unmapped_observed_codes"":[]},{""variable_id"":""guns_permits"",""direction_type"":""binary_item_support_oppose"",""code_label_map"":[{""code"":""1"",""label"":""Support""},{""code"":""2"",""label"":""Oppose""}],""unmapped_observed_codes"":[]},{""variable_id"":""guns_scale"",""direction_type"":""ordered_policy_scale"",""code_label_map"":[{""code"":""1"",""label"":""More strict""},{""code"":""2"",""label"":""Less strict""},{""code"":""3"",""label"":""Kept as they are""}],""unmapped_observed_codes"":[]},{""variable_id"":""spending_police"",""direction_type"":""ordered_spending_increase_decrease"",""code_label_map"":[{""code"":""1"",""label"":""Greatly increase""},{""code"":""2"",""label"":""Slightly increase""},{""code"":""3"",""label"":""Maintain""},{""code"":""4"",""label"":""Slightly decrease""},{""code"":""5"",""label"":""Greatly decrease""}],""unmapped_observed_codes"":[]}]",official_ces_policy_preference_codebook_direction_review_available_no_bill_mapping,guide_item_wording_support_oppose_codes_available_no_bill_text_alignment,no_exact_bill_topic_support_estimate,no_bill_text_direction_alignment_review,no_mrp_or_small_area_estimate,no_bill_text_specific_affected_group_item_acquired,"Review candidate item wording and item direction against the specific public-law bill text, then add respondent geography, microdata, MRP or other small-area estimation, and bill-text-specific affected-population/support/harm sources before treating these codebook directions as bill-topic public-opinion evidence.",https://dataverse.harvard.edu/dataset.xhtml?persistentId=doi:10.7910/DVN/OSXDQO; https://dataverse.harvard.edu/api/datasets/:persistentId/?persistentId=doi:10.7910/DVN/OSXDQO; https://dataverse.harvard.edu/api/access/datafile/6898233; https://dataverse.harvard.edu/api/access/datafile/6898232; https://cces.gov.harvard.edu/; https://electionstudies.org/data-center/; https://www.pewresearch.org/datasets/; https://www.gallup.com/analytics/213617/gallup-analytics.aspx,district_public_opinion_ces_policy_item_response_distribution_review; official_policy_preferences_guide_response_codebook_direction; district_public_opinion_ces_policy_item_codebook_direction_review,exact_bill_topic_item_wording_review; bill_text_direction_alignment_review; bill_topic_public_opinion; respondent_geography_merge; MRP_or_small_area_estimate; bill_text_specific_affected_population_denominator; issue_specific_affected_group_support; affected_group_harm; public_benefit; causal_representation; model_validation,"CES policy-preference codebook-direction packet review only; rows join queued public-law source packets to official guide response labels or continuous-scale endpoint labels for Cumulative CES Policy Preferences candidate variables. The joined labels identify survey-item wording direction only. They are not bill-text-aligned support directions, not exact bill-topic public support estimates, not district support estimates, not MRP or small-area estimates, not bill-text-specific affected-population definitions, not affected-group support or harm, not public-benefit evidence, and not model validation."
19,19,117-hr-4693,117-214,International Affairs,TX-10,"foreign-policy, trade, aid, sanctions, or international-affairs bill support",military_democracy; military_genocide; military_helpun; military_oil; military_protectallies; military_terroristcamp; trade_canmex_except; trade_canmex_include; trade_china,9,9,9,binary_item_support_oppose,military_democracy=1; military_genocide=1; military_helpun=1; military_oil=1; military_protectallies=1; military_terroristcamp=1; trade_canmex_except=1; trade_canmex_include=1; trade_china=1,military_democracy=2; military_genocide=2; military_helpun=2; military_oil=2; military_protectallies=2; military_terroristcamp=2; trade_canmex_except=2; trade_canmex_include=2; trade_china=2,"[{""variable_id"":""military_democracy"",""direction_type"":""binary_item_support_oppose"",""code_label_map"":[{""code"":""1"",""label"":""Support""},{""code"":""2"",""label"":""Oppose""}],""unmapped_observed_codes"":[]},{""variable_id"":""military_genocide"",""direction_type"":""binary_item_support_oppose"",""code_label_map"":[{""code"":""1"",""label"":""Support""},{""code"":""2"",""label"":""Oppose""}],""unmapped_observed_codes"":[]},{""variable_id"":""military_helpun"",""direction_type"":""binary_item_support_oppose"",""code_label_map"":[{""code"":""1"",""label"":""Support""},{""code"":""2"",""label"":""Oppose""}],""unmapped_observed_codes"":[]},{""variable_id"":""military_oil"",""direction_type"":""binary_item_support_oppose"",""code_label_map"":[{""code"":""1"",""label"":""Support""},{""code"":""2"",""label"":""Oppose""}],""unmapped_observed_codes"":[]},{""variable_id"":""military_protectallies"",""direction_type"":""binary_item_support_oppose"",""code_label_map"":[{""code"":""1"",""label"":""Support""},{""code"":""2"",""label"":""Oppose""}],""unmapped_observed_codes"":[]},{""variable_id"":""military_terroristcamp"",""direction_type"":""binary_item_support_oppose"",""code_label_map"":[{""code"":""1"",""label"":""Support""},{""code"":""2"",""label"":""Oppose""}],""unmapped_observed_codes"":[]},{""variable_id"":""trade_canmex_except"",""direction_type"":""binary_item_support_oppose"",""code_label_map"":[{""code"":""1"",""label"":""Support""},{""code"":""2"",""label"":""Oppose""}],""unmapped_observed_codes"":[]},{""variable_id"":""trade_canmex_include"",""direction_type"":""binary_item_support_oppose"",""code_label_map"":[{""code"":""1"",""label"":""Support""},{""code"":""2"",""label"":""Oppose""}],""unmapped_observed_codes"":[]},{""variable_id"":""trade_china"",""direction_type"":""binary_item_support_oppose"",""code_label_map"":[{""code"":""1"",""label"":""Support""},{""code"":""2"",""label"":""Oppose""}],""unmapped_observed_codes"":[]}]",official_ces_policy_preference_codebook_direction_review_available_no_bill_mapping,guide_item_wording_support_oppose_codes_available_no_bill_text_alignment,no_exact_bill_topic_support_estimate,no_bill_text_direction_alignment_review,no_mrp_or_small_area_estimate,no_bill_text_specific_affected_group_item_acquired,"Review candidate item wording and item direction against the specific public-law bill text, then add respondent geography, microdata, MRP or other small-area estimation, and bill-text-specific affected-population/support/harm sources before treating these codebook directions as bill-topic public-opinion evidence.",https://dataverse.harvard.edu/dataset.xhtml?persistentId=doi:10.7910/DVN/OSXDQO; https://dataverse.harvard.edu/api/datasets/:persistentId/?persistentId=doi:10.7910/DVN/OSXDQO; https://dataverse.harvard.edu/api/access/datafile/6898233; https://dataverse.harvard.edu/api/access/datafile/6898232; https://cces.gov.harvard.edu/; https://globalaffairs.org/explore-research/lester-crown-center-us-foreign-policy/public-opinion-surveys/chicago-council; https://electionstudies.org/data-center/; https://www.pewresearch.org/datasets/,district_public_opinion_ces_policy_item_response_distribution_review; official_policy_preferences_guide_response_codebook_direction; district_public_opinion_ces_policy_item_codebook_direction_review,exact_bill_topic_item_wording_review; bill_text_direction_alignment_review; bill_topic_public_opinion; respondent_geography_merge; MRP_or_small_area_estimate; bill_text_specific_affected_population_denominator; issue_specific_affected_group_support; affected_group_harm; public_benefit; causal_representation; model_validation,"CES policy-preference codebook-direction packet review only; rows join queued public-law source packets to official guide response labels or continuous-scale endpoint labels for Cumulative CES Policy Preferences candidate variables. The joined labels identify survey-item wording direction only. They are not bill-text-aligned support directions, not exact bill-topic public support estimates, not district support estimates, not MRP or small-area estimates, not bill-text-specific affected-population definitions, not affected-group support or harm, not public-benefit evidence, and not model validation."
20,20,117-hr-6899,117-185,International Affairs,AR-02,"foreign-policy, trade, aid, sanctions, or international-affairs bill support",military_democracy; military_genocide; military_helpun; military_oil; military_protectallies; military_terroristcamp; trade_canmex_except; trade_canmex_include; trade_china,9,9,9,binary_item_support_oppose,military_democracy=1; military_genocide=1; military_helpun=1; military_oil=1; military_protectallies=1; military_terroristcamp=1; trade_canmex_except=1; trade_canmex_include=1; trade_china=1,military_democracy=2; military_genocide=2; military_helpun=2; military_oil=2; military_protectallies=2; military_terroristcamp=2; trade_canmex_except=2; trade_canmex_include=2; trade_china=2,"[{""variable_id"":""military_democracy"",""direction_type"":""binary_item_support_oppose"",""code_label_map"":[{""code"":""1"",""label"":""Support""},{""code"":""2"",""label"":""Oppose""}],""unmapped_observed_codes"":[]},{""variable_id"":""military_genocide"",""direction_type"":""binary_item_support_oppose"",""code_label_map"":[{""code"":""1"",""label"":""Support""},{""code"":""2"",""label"":""Oppose""}],""unmapped_observed_codes"":[]},{""variable_id"":""military_helpun"",""direction_type"":""binary_item_support_oppose"",""code_label_map"":[{""code"":""1"",""label"":""Support""},{""code"":""2"",""label"":""Oppose""}],""unmapped_observed_codes"":[]},{""variable_id"":""military_oil"",""direction_type"":""binary_item_support_oppose"",""code_label_map"":[{""code"":""1"",""label"":""Support""},{""code"":""2"",""label"":""Oppose""}],""unmapped_observed_codes"":[]},{""variable_id"":""military_protectallies"",""direction_type"":""binary_item_support_oppose"",""code_label_map"":[{""code"":""1"",""label"":""Support""},{""code"":""2"",""label"":""Oppose""}],""unmapped_observed_codes"":[]},{""variable_id"":""military_terroristcamp"",""direction_type"":""binary_item_support_oppose"",""code_label_map"":[{""code"":""1"",""label"":""Support""},{""code"":""2"",""label"":""Oppose""}],""unmapped_observed_codes"":[]},{""variable_id"":""trade_canmex_except"",""direction_type"":""binary_item_support_oppose"",""code_label_map"":[{""code"":""1"",""label"":""Support""},{""code"":""2"",""label"":""Oppose""}],""unmapped_observed_codes"":[]},{""variable_id"":""trade_canmex_include"",""direction_type"":""binary_item_support_oppose"",""code_label_map"":[{""code"":""1"",""label"":""Support""},{""code"":""2"",""label"":""Oppose""}],""unmapped_observed_codes"":[]},{""variable_id"":""trade_china"",""direction_type"":""binary_item_support_oppose"",""code_label_map"":[{""code"":""1"",""label"":""Support""},{""code"":""2"",""label"":""Oppose""}],""unmapped_observed_codes"":[]}]",official_ces_policy_preference_codebook_direction_review_available_no_bill_mapping,guide_item_wording_support_oppose_codes_available_no_bill_text_alignment,no_exact_bill_topic_support_estimate,no_bill_text_direction_alignment_review,no_mrp_or_small_area_estimate,no_bill_text_specific_affected_group_item_acquired,"Review candidate item wording and item direction against the specific public-law bill text, then add respondent geography, microdata, MRP or other small-area estimation, and bill-text-specific affected-population/support/harm sources before treating these codebook directions as bill-topic public-opinion evidence.",https://dataverse.harvard.edu/dataset.xhtml?persistentId=doi:10.7910/DVN/OSXDQO; https://dataverse.harvard.edu/api/datasets/:persistentId/?persistentId=doi:10.7910/DVN/OSXDQO; https://dataverse.harvard.edu/api/access/datafile/6898233; https://dataverse.harvard.edu/api/access/datafile/6898232; https://cces.gov.harvard.edu/; https://globalaffairs.org/explore-research/lester-crown-center-us-foreign-policy/public-opinion-surveys/chicago-council; https://electionstudies.org/data-center/; https://www.pewresearch.org/datasets/,district_public_opinion_ces_policy_item_response_distribution_review; official_policy_preferences_guide_response_codebook_direction; district_public_opinion_ces_policy_item_codebook_direction_review,exact_bill_topic_item_wording_review; bill_text_direction_alignment_review; bill_topic_public_opinion; respondent_geography_merge; MRP_or_small_area_estimate; bill_text_specific_affected_population_denominator; issue_specific_affected_group_support; affected_group_harm; public_benefit; causal_representation; model_validation,"CES policy-preference codebook-direction packet review only; rows join queued public-law source packets to official guide response labels or continuous-scale endpoint labels for Cumulative CES Policy Preferences candidate variables. The joined labels identify survey-item wording direction only. They are not bill-text-aligned support directions, not exact bill-topic public support estimates, not district support estimates, not MRP or small-area estimates, not bill-text-specific affected-population definitions, not affected-group support or harm, not public-benefit evidence, and not model validation."
21,21,117-hr-7334,117-165,Commerce,MO-03,"commerce, consumer, or business-regulation bill support",trade_canmex_except; trade_canmex_include; trade_china,3,3,3,binary_item_support_oppose,trade_canmex_except=1; trade_canmex_include=1; trade_china=1,trade_canmex_except=2; trade_canmex_include=2; trade_china=2,"[{""variable_id"":""trade_canmex_except"",""direction_type"":""binary_item_support_oppose"",""code_label_map"":[{""code"":""1"",""label"":""Support""},{""code"":""2"",""label"":""Oppose""}],""unmapped_observed_codes"":[]},{""variable_id"":""trade_canmex_include"",""direction_type"":""binary_item_support_oppose"",""code_label_map"":[{""code"":""1"",""label"":""Support""},{""code"":""2"",""label"":""Oppose""}],""unmapped_observed_codes"":[]},{""variable_id"":""trade_china"",""direction_type"":""binary_item_support_oppose"",""code_label_map"":[{""code"":""1"",""label"":""Support""},{""code"":""2"",""label"":""Oppose""}],""unmapped_observed_codes"":[]}]",official_ces_policy_preference_codebook_direction_review_available_no_bill_mapping,guide_item_wording_support_oppose_codes_available_no_bill_text_alignment,no_exact_bill_topic_support_estimate,no_bill_text_direction_alignment_review,no_mrp_or_small_area_estimate,no_bill_text_specific_affected_group_item_acquired,"Review candidate item wording and item direction against the specific public-law bill text, then add respondent geography, microdata, MRP or other small-area estimation, and bill-text-specific affected-population/support/harm sources before treating these codebook directions as bill-topic public-opinion evidence.",https://dataverse.harvard.edu/dataset.xhtml?persistentId=doi:10.7910/DVN/OSXDQO; https://dataverse.harvard.edu/api/datasets/:persistentId/?persistentId=doi:10.7910/DVN/OSXDQO; https://dataverse.harvard.edu/api/access/datafile/6898233; https://dataverse.harvard.edu/api/access/datafile/6898232; https://cces.gov.harvard.edu/; https://www.pewresearch.org/datasets/; https://gssdataexplorer.norc.org/; https://www.gallup.com/analytics/213617/gallup-analytics.aspx,district_public_opinion_ces_policy_item_response_distribution_review; official_policy_preferences_guide_response_codebook_direction; district_public_opinion_ces_policy_item_codebook_direction_review,exact_bill_topic_item_wording_review; bill_text_direction_alignment_review; bill_topic_public_opinion; respondent_geography_merge; MRP_or_small_area_estimate; bill_text_specific_affected_population_denominator; issue_specific_affected_group_support; affected_group_harm; public_benefit; causal_representation; model_validation,"CES policy-preference codebook-direction packet review only; rows join queued public-law source packets to official guide response labels or continuous-scale endpoint labels for Cumulative CES Policy Preferences candidate variables. The joined labels identify survey-item wording direction only. They are not bill-text-aligned support directions, not exact bill-topic public support estimates, not district support estimates, not MRP or small-area estimates, not bill-text-specific affected-population definitions, not affected-group support or harm, not public-benefit evidence, and not model validation."
22,22,117-hr-5681,117-113,Immigration,NY-24,"immigration, border, naturalization, or noncitizen-policy bill support",immig_border; immig_deport; immig_employer; immig_legalize; immig_police; immig_reduce; immig_report; immig_services; immig_wall,9,9,9,binary_item_support_oppose,immig_border=1; immig_deport=1; immig_employer=1; immig_legalize=1; immig_police=1; immig_reduce=1; immig_report=1; immig_services=1; immig_wall=1,immig_border=2; immig_deport=2; immig_employer=2; immig_legalize=2; immig_police=2; immig_reduce=2; immig_report=2; immig_services=2; immig_wall=2,"[{""variable_id"":""immig_border"",""direction_type"":""binary_item_support_oppose"",""code_label_map"":[{""code"":""1"",""label"":""Support""},{""code"":""2"",""label"":""Oppose""}],""unmapped_observed_codes"":[]},{""variable_id"":""immig_deport"",""direction_type"":""binary_item_support_oppose"",""code_label_map"":[{""code"":""1"",""label"":""Support""},{""code"":""2"",""label"":""Oppose""}],""unmapped_observed_codes"":[]},{""variable_id"":""immig_employer"",""direction_type"":""binary_item_support_oppose"",""code_label_map"":[{""code"":""1"",""label"":""Support""},{""code"":""2"",""label"":""Oppose""}],""unmapped_observed_codes"":[]},{""variable_id"":""immig_legalize"",""direction_type"":""binary_item_support_oppose"",""code_label_map"":[{""code"":""1"",""label"":""Support""},{""code"":""2"",""label"":""Oppose""}],""unmapped_observed_codes"":[]},{""variable_id"":""immig_police"",""direction_type"":""binary_item_support_oppose"",""code_label_map"":[{""code"":""1"",""label"":""Support""},{""code"":""2"",""label"":""Oppose""}],""unmapped_observed_codes"":[]},{""variable_id"":""immig_reduce"",""direction_type"":""binary_item_support_oppose"",""code_label_map"":[{""code"":""1"",""label"":""Support""},{""code"":""2"",""label"":""Oppose""}],""unmapped_observed_codes"":[]},{""variable_id"":""immig_report"",""direction_type"":""binary_item_support_oppose"",""code_label_map"":[{""code"":""1"",""label"":""Support""},{""code"":""2"",""label"":""Oppose""}],""unmapped_observed_codes"":[]},{""variable_id"":""immig_services"",""direction_type"":""binary_item_support_oppose"",""code_label_map"":[{""code"":""1"",""label"":""Support""},{""code"":""2"",""label"":""Oppose""}],""unmapped_observed_codes"":[]},{""variable_id"":""immig_wall"",""direction_type"":""binary_item_support_oppose"",""code_label_map"":[{""code"":""1"",""label"":""Support""},{""code"":""2"",""label"":""Oppose""}],""unmapped_observed_codes"":[]}]",official_ces_policy_preference_codebook_direction_review_available_no_bill_mapping,guide_item_wording_support_oppose_codes_available_no_bill_text_alignment,no_exact_bill_topic_support_estimate,no_bill_text_direction_alignment_review,no_mrp_or_small_area_estimate,no_bill_text_specific_affected_group_item_acquired,"Review candidate item wording and item direction against the specific public-law bill text, then add respondent geography, microdata, MRP or other small-area estimation, and bill-text-specific affected-population/support/harm sources before treating these codebook directions as bill-topic public-opinion evidence.",https://dataverse.harvard.edu/dataset.xhtml?persistentId=doi:10.7910/DVN/OSXDQO; https://dataverse.harvard.edu/api/datasets/:persistentId/?persistentId=doi:10.7910/DVN/OSXDQO; https://dataverse.harvard.edu/api/access/datafile/6898233; https://dataverse.harvard.edu/api/access/datafile/6898232; https://cces.gov.harvard.edu/; https://electionstudies.org/data-center/; https://www.pewresearch.org/datasets/; https://prri.org/prri-research/data-vault/,district_public_opinion_ces_policy_item_response_distribution_review; official_policy_preferences_guide_response_codebook_direction; district_public_opinion_ces_policy_item_codebook_direction_review,exact_bill_topic_item_wording_review; bill_text_direction_alignment_review; bill_topic_public_opinion; respondent_geography_merge; MRP_or_small_area_estimate; bill_text_specific_affected_population_denominator; issue_specific_affected_group_support; affected_group_harm; public_benefit; causal_representation; model_validation,"CES policy-preference codebook-direction packet review only; rows join queued public-law source packets to official guide response labels or continuous-scale endpoint labels for Cumulative CES Policy Preferences candidate variables. The joined labels identify survey-item wording direction only. They are not bill-text-aligned support directions, not exact bill-topic public support estimates, not district support estimates, not MRP or small-area estimates, not bill-text-specific affected-population definitions, not affected-group support or harm, not public-benefit evidence, and not model validation."
