groupType,groupValue,billCount,actionCount,recordedVoteCount,meanActions,medianActions,publicLawCount,privateLawCount,sourceDateAnomalyCount,referredCount,referredRate,hearingCount,hearingRate,markupCount,markupRate,orderedReportedCount,orderedReportedRate,reportedCount,reportedRate,dischargedCount,dischargedRate,committeeAdvancedCount,committeeAdvancedRate,floorConsideredCount,floorConsideredRate,originPassageCount,originPassageRate,completedCongressionalPassageCount,completedCongressionalPassageRate,presentedCount,presentedRate,vetoedCount,vetoedRate,vetoOverriddenCount,vetoOverriddenRate,enactedCount,enactedRate
all,all H.R. and S. bills,15066,72047,697,4.782092,3.000000,355,3,5,14959,0.992898,790,0.052436,1347,0.089407,1347,0.089407,967,0.064184,573,0.038033,1511,0.100292,1003,0.066574,991,0.065777,358,0.023762,358,0.023762,0,0.000000,0,0.000000,358,0.023762
split,calibration,7564,36135,362,4.777234,3.000000,168,3,2,7510,0.992861,405,0.053543,675,0.089238,675,0.089238,478,0.063194,279,0.036885,750,0.099154,495,0.065442,487,0.064384,171,0.022607,171,0.022607,0,0.000000,0,0.000000,171,0.022607
split,heldout,7502,35912,335,4.786990,3.000000,187,0,3,7449,0.992935,385,0.051320,672,0.089576,672,0.089576,489,0.065183,294,0.039190,761,0.101440,508,0.067715,504,0.067182,187,0.024927,187,0.024927,0,0.000000,0,0.000000,187,0.024927
bill_type,hr,9709,54945,565,5.659182,4.000000,195,3,2,9698,0.998867,331,0.034092,901,0.092800,900,0.092697,559,0.057575,465,0.047894,956,0.098465,722,0.074364,719,0.074055,198,0.020393,198,0.020393,0,0.000000,0,0.000000,198,0.020393
bill_type,s,5357,17102,132,3.192458,2.000000,160,0,3,5261,0.982080,459,0.085682,446,0.083256,447,0.083442,408,0.076162,108,0.020161,555,0.103603,281,0.052455,272,0.050775,160,0.029867,160,0.029867,0,0.000000,0,0.000000,160,0.029867
sponsor_party,D,8878,45198,562,5.091011,3.000000,226,2,5,8846,0.996396,543,0.061162,934,0.105204,934,0.105204,680,0.076594,378,0.042577,1039,0.117031,672,0.075693,662,0.074566,228,0.025681,228,0.025681,0,0.000000,0,0.000000,228,0.025681
sponsor_party,R,6114,26680,135,4.363755,3.000000,129,1,0,6050,0.989532,238,0.038927,410,0.067059,410,0.067059,284,0.046451,195,0.031894,469,0.076709,331,0.054138,329,0.053811,130,0.021263,130,0.021263,0,0.000000,0,0.000000,130,0.021263
sponsor_party,I,63,147,0,2.333333,2.000000,0,0,0,63,1.000000,9,0.142857,3,0.047619,3,0.047619,3,0.047619,0,0.000000,3,0.047619,0,0.000000,0,0.000000,0,0.000000,0,0.000000,0,0.000000,0,0.000000,0,0.000000
sponsor_party,unknown,11,22,0,2.000000,2.000000,0,0,0,0,0.000000,0,0.000000,0,0.000000,0,0.000000,0,0.000000,0,0.000000,0,0.000000,0,0.000000,0,0.000000,0,0.000000,0,0.000000,0,0.000000,0,0.000000,0,0.000000
policy_area,Health,1946,8608,57,4.423433,4.000000,19,0,0,1941,0.997431,7,0.003597,57,0.029291,57,0.029291,49,0.025180,14,0.007194,64,0.032888,73,0.037513,72,0.036999,19,0.009764,19,0.009764,0,0.000000,0,0.000000,19,0.009764
policy_area,Armed Forces and National Security,1235,6775,71,5.485830,3.000000,69,0,1,1229,0.995142,163,0.131984,154,0.124696,154,0.124696,45,0.036437,131,0.106073,200,0.161943,130,0.105263,129,0.104453,69,0.055870,69,0.055870,0,0.000000,0,0.000000,69,0.055870
policy_area,Government Operations and Politics,1136,7286,83,6.413732,3.000000,93,0,0,1123,0.988556,22,0.019366,261,0.229754,260,0.228873,149,0.131162,56,0.049296,272,0.239437,176,0.154930,170,0.149648,93,0.081866,93,0.081866,0,0.000000,0,0.000000,93,0.081866
policy_area,Taxation,1066,3104,1,2.911820,3.000000,0,0,0,1064,0.998124,6,0.005629,0,0.000000,0,0.000000,1,0.000938,2,0.001876,3,0.002814,3,0.002814,3,0.002814,0,0.000000,0,0.000000,0,0.000000,0,0.000000,0,0.000000
policy_area,International Affairs,913,4317,48,4.728368,3.000000,14,0,0,902,0.987952,5,0.005476,129,0.141292,131,0.143483,59,0.064622,12,0.013143,138,0.151150,74,0.081051,73,0.079956,14,0.015334,14,0.015334,0,0.000000,0,0.000000,14,0.015334
policy_area,Crime and Law Enforcement,910,4698,69,5.162637,4.000000,31,0,0,900,0.989011,2,0.002198,53,0.058242,53,0.058242,42,0.046154,39,0.042857,72,0.079121,75,0.082418,75,0.082418,31,0.034066,31,0.034066,0,0.000000,0,0.000000,31,0.034066
policy_area,Transportation and Public Works,696,3247,21,4.665230,4.000000,11,0,1,694,0.997126,11,0.015805,48,0.068966,48,0.068966,41,0.058908,30,0.043103,52,0.074713,36,0.051724,36,0.051724,11,0.015805,11,0.015805,0,0.000000,0,0.000000,11,0.015805
policy_area,Education,669,2153,9,3.218236,3.000000,4,0,0,666,0.995516,3,0.004484,11,0.016442,11,0.016442,11,0.016442,7,0.010463,15,0.022422,10,0.014948,10,0.014948,4,0.005979,4,0.005979,0,0.000000,0,0.000000,4,0.005979
policy_area,Public Lands and Natural Resources,601,3807,23,6.334443,4.000000,13,0,0,600,0.998336,265,0.440932,135,0.224626,135,0.224626,134,0.222962,78,0.129784,138,0.229617,57,0.094842,57,0.094842,13,0.021631,13,0.021631,0,0.000000,0,0.000000,13,0.021631
policy_area,Commerce,589,2836,38,4.814941,3.000000,13,0,0,588,0.998302,14,0.023769,75,0.127334,74,0.125637,59,0.100170,16,0.027165,78,0.132428,57,0.096774,56,0.095076,13,0.022071,13,0.022071,0,0.000000,0,0.000000,13,0.022071
policy_area,Finance and Financial Sector,582,2316,16,3.979381,3.000000,4,0,0,578,0.993127,45,0.077320,49,0.084192,49,0.084192,26,0.044674,9,0.015464,55,0.094502,38,0.065292,38,0.065292,4,0.006873,4,0.006873,0,0.000000,0,0.000000,4,0.006873
policy_area,Immigration,525,2373,13,4.520000,4.000000,3,0,0,521,0.992381,5,0.009524,20,0.038095,20,0.038095,18,0.034286,10,0.019048,23,0.043810,16,0.030476,15,0.028571,3,0.005714,3,0.005714,0,0.000000,0,0.000000,3,0.005714
policy_area,Energy,496,2136,2,4.306452,4.000000,0,0,0,495,0.997984,44,0.088710,21,0.042339,21,0.042339,20,0.040323,12,0.024194,23,0.046371,8,0.016129,8,0.016129,0,0.000000,0,0.000000,0,0.000000,0,0.000000,0,0.000000
policy_area,Labor and Employment,490,1873,15,3.822449,3.000000,1,0,0,485,0.989796,3,0.006122,17,0.034694,17,0.034694,16,0.032653,5,0.010204,17,0.034694,13,0.026531,13,0.026531,1,0.002041,1,0.002041,0,0.000000,0,0.000000,1,0.002041
policy_area,"Science, Technology, Communications",449,2646,47,5.893096,4.000000,6,0,0,448,0.997773,4,0.008909,72,0.160356,72,0.160356,69,0.153675,24,0.053452,75,0.167038,50,0.111359,50,0.111359,6,0.013363,6,0.013363,0,0.000000,0,0.000000,6,0.013363
policy_area,Environmental Protection,425,2106,9,4.955294,4.000000,4,0,1,423,0.995294,47,0.110588,37,0.087059,37,0.087059,34,0.080000,23,0.054118,39,0.091765,19,0.044706,19,0.044706,4,0.009412,4,0.009412,0,0.000000,0,0.000000,4,0.009412
policy_area,Agriculture and Food,349,1367,9,3.916905,3.000000,4,0,0,347,0.994269,3,0.008596,15,0.042980,15,0.042980,16,0.045845,4,0.011461,16,0.045845,9,0.025788,9,0.025788,4,0.011461,4,0.011461,0,0.000000,0,0.000000,4,0.011461
policy_area,Housing and Community Development,222,797,0,3.590090,3.000000,0,0,0,222,1.000000,24,0.108108,14,0.063063,14,0.063063,4,0.018018,1,0.004505,14,0.063063,5,0.022523,5,0.022523,0,0.000000,0,0.000000,0,0.000000,0,0.000000,0,0.000000
policy_area,Native Americans,219,1611,22,7.356164,4.000000,17,0,1,218,0.995434,63,0.287671,53,0.242009,53,0.242009,46,0.210046,30,0.136986,56,0.255708,37,0.168950,37,0.168950,17,0.077626,17,0.077626,0,0.000000,0,0.000000,17,0.077626
policy_area,Foreign Trade and International Finance,195,776,9,3.979487,3.000000,4,0,0,192,0.984615,3,0.015385,6,0.030769,6,0.030769,4,0.020513,3,0.015385,6,0.030769,8,0.041026,8,0.041026,4,0.020513,4,0.020513,0,0.000000,0,0.000000,4,0.020513
policy_area,Social Welfare,184,746,2,4.054348,4.000000,2,0,0,182,0.989130,0,0.000000,3,0.016304,3,0.016304,3,0.016304,2,0.010870,4,0.021739,4,0.021739,4,0.021739,2,0.010870,2,0.010870,0,0.000000,0,0.000000,2,0.010870
policy_area,Emergency Management,178,1410,20,7.921348,4.000000,11,0,0,177,0.994382,1,0.005618,53,0.297753,53,0.297753,52,0.292135,29,0.162921,55,0.308989,36,0.202247,35,0.196629,11,0.061798,11,0.061798,0,0.000000,0,0.000000,11,0.061798
policy_area,Law,163,832,7,5.104294,4.000000,6,0,0,162,0.993865,2,0.012270,22,0.134969,22,0.134969,13,0.079755,8,0.049080,24,0.147239,13,0.079755,13,0.079755,6,0.036810,6,0.036810,0,0.000000,0,0.000000,6,0.036810
policy_area,Congress,154,744,10,4.831169,4.000000,6,0,0,149,0.967532,1,0.006494,8,0.051948,8,0.051948,5,0.032468,3,0.019481,12,0.077922,13,0.084416,13,0.084416,6,0.038961,6,0.038961,0,0.000000,0,0.000000,6,0.038961
policy_area,Economics and Public Finance,153,1069,72,6.986928,3.000000,11,0,1,143,0.934641,2,0.013072,5,0.032680,5,0.032680,22,0.143791,2,0.013072,23,0.150327,13,0.084967,13,0.084967,11,0.071895,11,0.071895,0,0.000000,0,0.000000,11,0.071895
policy_area,Water Resources Development,110,469,2,4.263636,4.000000,0,0,0,110,1.000000,27,0.245455,4,0.036364,4,0.036364,5,0.045455,1,0.009091,5,0.045455,1,0.009091,1,0.009091,0,0.000000,0,0.000000,0,0.000000,0,0.000000,0,0.000000
policy_area,Families,107,405,3,3.785047,3.000000,0,0,0,107,1.000000,0,0.000000,4,0.037383,4,0.037383,4,0.037383,3,0.028037,6,0.056075,6,0.056075,6,0.056075,0,0.000000,0,0.000000,0,0.000000,0,0.000000,0,0.000000
policy_area,"Civil Rights and Liberties, Minority Issues",97,518,11,5.340206,4.000000,4,0,0,97,1.000000,2,0.020619,5,0.051546,5,0.051546,4,0.041237,5,0.051546,7,0.072165,7,0.072165,7,0.072165,4,0.041237,4,0.041237,0,0.000000,0,0.000000,4,0.041237
policy_area,Animals,65,317,3,4.876923,4.000000,1,0,0,65,1.000000,10,0.153846,6,0.092308,6,0.092308,6,0.092308,2,0.030769,6,0.092308,3,0.046154,3,0.046154,1,0.015385,1,0.015385,0,0.000000,0,0.000000,1,0.015385
policy_area,Unclassified,55,266,0,4.836364,3.000000,0,3,0,44,0.800000,0,0.000000,5,0.090909,5,0.090909,5,0.090909,5,0.090909,5,0.090909,5,0.090909,5,0.090909,3,0.054545,3,0.054545,0,0.000000,0,0.000000,3,0.054545
policy_area,"Arts, Culture, Religion",33,198,2,6.000000,3.000000,2,0,0,33,1.000000,5,0.151515,3,0.090909,3,0.090909,3,0.090909,5,0.151515,5,0.151515,5,0.151515,5,0.151515,2,0.060606,2,0.060606,0,0.000000,0,0.000000,2,0.060606
policy_area,Sports and Recreation,33,157,3,4.757576,3.000000,2,0,0,33,1.000000,0,0.000000,1,0.030303,1,0.030303,1,0.030303,1,0.030303,2,0.060606,3,0.090909,3,0.090909,2,0.060606,2,0.060606,0,0.000000,0,0.000000,2,0.060606
policy_area,Private Legislation,17,65,0,3.823529,4.000000,0,0,0,17,1.000000,0,0.000000,0,0.000000,0,0.000000,0,0.000000,0,0.000000,0,0.000000,0,0.000000,0,0.000000,0,0.000000,0,0.000000,0,0.000000,0,0.000000,0,0.000000
policy_area,Social Sciences and History,4,19,0,4.750000,3.000000,0,0,0,4,1.000000,1,0.250000,1,0.250000,1,0.250000,1,0.250000,1,0.250000,1,0.250000,0,0.000000,0,0.000000,0,0.000000,0,0.000000,0,0.000000,0,0.000000,0,0.000000
