sourceFamily,sourceName,dataset,rawPath,rawStatus,rowCount,dateRange,columnCount,columns,rawSha256,metadataPath,metadataStatus,metadataTitle,metadataSha256,transformationScript,networkRequired,apiKeyRequired,offlineStatus,boundaryCategory,claimBoundary,limitations,licenseAccessNotes
Congress.gov bill histories,Congress.gov API v3 bill and action endpoints,bill_progression.csv,data/validation/raw/bill_progression.csv,present,180,2023-01-03..2024-12-23,16,"bill_id,congress,bill_type,bill_number,introduced,committee_reported,floor_considered,enacted,introduced_date,committee_reported_date,floor_action_date,enacted_date,policy_area,sponsor_party,actions_count,source_url",531b87932af70c6ba203b79541ec091cb9b7a86c7ad75769729e4b77799f37ec,data/validation/raw/bill_progression.metadata.md,present,Bill Progression Raw Validation Sample,9679a2acf35a6aad24091b0b5395743d764187e994f0faff4586a9821aea7243,scripts/validation/build_bill_progression_dataset.py,yes,optional,raw_cached,held-out benchmark,Supports held-out legislative-flow benchmarking only; does not validate public benefit or welfare,Bounded sample rather than a full congressional census,U.S. government public data; observe Congress.gov API terms
govinfo bill and action records,govinfo BILLSTATUS and action histories,bill_progression.csv,data/validation/raw/bill_progression.csv,present,180,2023-01-03..2024-12-23,16,"bill_id,congress,bill_type,bill_number,introduced,committee_reported,floor_considered,enacted,introduced_date,committee_reported_date,floor_action_date,enacted_date,policy_area,sponsor_party,actions_count,source_url",531b87932af70c6ba203b79541ec091cb9b7a86c7ad75769729e4b77799f37ec,data/validation/raw/bill_progression.metadata.md,present,Bill Progression Raw Validation Sample,9679a2acf35a6aad24091b0b5395743d764187e994f0faff4586a9821aea7243,scripts/validation/build_govinfo_billstatus_linkage_dataset.py,yes,no,summary_cached,calibration proxy,Supports calibration ranges and source cross-checks; not full validation or a full bill census,Independent govinfo BILLSTATUS linkage cache cross-checks the bounded Congress.gov sample but is not a full census,U.S. government public data; observe govinfo terms
Voteview roll-call data,Voteview static roll-call and member CSVs,voteview_rollcalls.csv,data/validation/raw/voteview_rollcalls.csv,present,83636,,7,"congress,party,vote_id,vote,ideology,chamber,icpsr",6f53461b9484b6167299c6529e87e4a73ee7ca0004c4dc5eefdaf04c8d5eb710,data/validation/raw/voteview_rollcalls.metadata.md,present,Voteview Roll-Call Raw Validation Sample,f810e183541efb60b12d67187716c9046997b9304e063f3342a8ba27d18d1312,scripts/validation/build_core_raw_validation_datasets.py,yes,no,raw_cached,held-out benchmark,Supports held-out roll-call coalition benchmark and party-unity plausibility only; not district public opinion representation or public-support validation,Single-congress sample and party voting proxy only; held-out split is by roll-call ID within one Congress,Voteview academic data; cite source and preserve terms
Comparative Agendas topic throughput,Congress.gov policy-area sample with CAP-style target,topic_throughput.csv,data/validation/raw/topic_throughput.csv,present,28,,4,"topic,introduced,floor_considered,enacted",53a1a6b8940d4061d0e116c35816e1ed5f270934e46118177e391044405e0d87,data/validation/raw/congress_derived.metadata.md,present,Congress.gov Derived Raw Validation Samples,cbe888d489967e15f90479e0b865c455dfd2a5c30e8b2595f35085515615b1c6,scripts/validation/build_core_raw_validation_datasets.py,yes,optional,raw_cached,flow sanity check,Supports agenda-flow plausibility; does not validate public value by topic,Current rows are Congress.gov policy areas not a full CAP-coded dataset,U.S. government public data for current cached rows; CAP licensing must be checked before use
QoG and V-Dem comparative institutions,QoG Data Finder DES POLCON and OWID V-Dem selected country-year profiles,comparative_institutions.csv,data/validation/raw/comparative_institutions.csv,present,130,2011..2020,14,"country,year,chambers,district_magnitude,judicial_review,party_fragmentation,legislative_productivity,iso3,raw_h_l1,raw_h_l2,raw_gol_adm,raw_gol_enpp,judicial_review_source,legislative_productivity_source",a647d1b969f139c4ac6d02b853463e80002d426f1cab2bd8f425a90331d649ce,data/validation/raw/comparative_institutions.metadata.md,present,Comparative Institutions Raw Validation Dataset,d4cb275a52f1f6f27173debbe3b969bc6239ff68b5b1c32a48d0d2bbb110d6ee,scripts/validation/build_comparative_institutions_dataset.py,yes,no,raw_cached,held-out benchmark,Supports held-out comparative bicameral-context plausibility and bounded simulator scenario-family metadata anchoring only; does not validate institutional fit bicameral disagreement or law-output productivity,Latest complete country-year per ISO3 country in 2010-2020 window; legislative_productivity is V-Dem legislative-constraints proxy not observed law output; chamber fields are POLCON effective-chamber indicators; auxiliary comparative-institution linkage maps profiles to simulator scenario-family anchors only,QoG Data Finder variables derive from DES and Henisz POLCON; OWID/V-Dem variables require V-Dem and OWID citation; check license terms before redistribution
Senate LDA lobbying disclosures,U.S. Senate Lobbying Disclosure Act API,lobbying_disclosure.csv,data/validation/raw/lobbying_disclosure.csv,present,146,2024-first..2024-first,5,"client,issue,amount,period,filing_uuid",447b0c53533bcd255cab343ddcadc1311adc87d112cf63a43528b579993752f2,data/validation/raw/lobbying_disclosure.metadata.md,present,Senate LDA Lobbying Disclosure Raw Validation Sample,ac1fbd8d8a8fcfd4e68767589e153f4ed260cb044a4014c244873008474787e3,scripts/validation/build_core_raw_validation_datasets.py,yes,no,raw_cached,calibration proxy,Supports spending observability and concentration only; not bill-level capture validation,Issue-taxonomy shared-policy-area bill context bounded exact filing-text bill identifiers cached bill/action metadata stored text signals and source-reviewed packet dispositions are present; no sponsor member target committee-action roll-call outcome causal influence or capture linkage,Public disclosure data; preserve source notes and avoid private contact details
OpenFEC campaign finance,OpenFEC Schedule A receipts and Schedule E independent expenditures,campaign_finance.csv,data/validation/raw/campaign_finance.csv,present,194,2024..2024-12-31,8,"cycle,recipient,industry,amount,independent_expenditure,source_schedule,transaction_date,source_id",8ce8cc88678c2973371c46d8747024c3a8fc697532cac3fc00756c54505a4239,data/validation/raw/campaign_finance.metadata.md,present,Campaign Finance Raw Validation Dataset,d1bfb99cbc5e1dbce2d3839887612d775723d67c369141f12fadbe2df7e98f15,scripts/validation/build_campaign_finance_dataset.py,yes,optional,raw_cached,held-out benchmark,Supports held-out campaign-finance concentration and outside-spending plausibility only; not bill-level influence or capture validation,Bounded OpenFEC sample with coarse occupation employer category labels auxiliary FEC recipient metadata bounded issue-sector topic context and bounded Voteview member context for matched candidate rows; no bill committee-of-jurisdiction legislative-outcome or causal influence linkage,Public disclosure data; cite FEC/OpenFEC and omit contributor names street addresses and payee names
Center for Effective Lawmaking and sponsor histories,CEL-style sponsor effectiveness or Congress.gov sponsor sample,sponsor_success.csv,data/validation/raw/sponsor_success.csv,present,22,,4,"sponsor_id,party,introduced,enacted",83751d8f9e60abb9ff00bdd6d5d9880c175730a62b3b311dc4dd37a75f3773ea,data/validation/raw/congress_derived.metadata.md,present,Congress.gov Derived Raw Validation Samples,cbe888d489967e15f90479e0b865c455dfd2a5c30e8b2595f35085515615b1c6,scripts/validation/build_core_raw_validation_datasets.py,yes,optional,raw_cached,held-out benchmark,Supports held-out sponsor proposal-access concentration benchmarking and bounded sponsor-to-bill metadata linkage only; not full member effectiveness or sponsor-success validation,Bounded sponsor sample with no enacted sponsor successes; auxiliary sponsor-bill linkage joins the aggregate to public bill metadata by Bioguide ID but is not complete sponsor history or CEL effectiveness evidence,CEL licensing or access must be checked before direct use; Congress.gov source is public
District public opinion and affected groups,Cumulative CES district aggregate plus Census/ACS context CES policy-preference reviews official bill-text alignment and a historical annual CCES district pilot,district_public_opinion.csv,data/validation/raw/district_public_opinion.csv,present,1305,2024..2024,12,"district_id,issue,support,intensity,turnout,affected_group_share,year,respondents,support_respondents,weighted_respondents,support_weight,source",67c6e1c9429b7878b45c4f3bd6105e2a6ec7d4023f7a53bdc428544ea895f037,data/validation/raw/district_public_opinion.metadata.md,present,District Public Opinion Raw Validation Dataset,844359de8375d42fc77e2d6d3eaa67fc4d1d04bef31099a4ece05b8e51994efe,scripts/validation/build_district_public_opinion_dataset.py plus district context CES policy-preference bill-text alignment annual CCES geography-join and report builders,yes,no,raw_cached,held-out benchmark,Supports held-out district survey aggregation and one bounded source-reviewed historical related-issue pilot with two privacy-thresholded annual direct-weighted district estimates; not exact or contemporaneous bill support MRP design-based uncertainty validated boundary equivalence bill-text-specific affected-group mapping causal representation public benefit or model validation,The 2024 aggregate remains broad proxy evidence; the bill-text review covers 22 packets but retains only one historical related-issue item and 21 negative dispositions; the two annual NY-10 estimates use 2012 and 2016 validated-voter weights predate enactment are not exact bill wording carry no design-based uncertainty or boundary-file crosswalk and are not MRP; affected_group_share remains an uninsured-share proxy and no layer provides bill-text-specific affected-population support or harm,Cumulative CES and annual CCES sources are CC0 1.0 in Harvard Dataverse; GovInfo Census TIGERweb and ACS are U.S. government public sources; cite Kuriwaki CES documentation Dataverse GovInfo and Census
Committee hearing markup referral and discharge records,Congress.gov-derived committee reports plus future hearing and markup records,committee_activity.csv,data/validation/raw/committee_activity.csv,present,28,,7,"committee,issue,referred,hearings,reported,amendments,discharged",9ce2f3fcf6beb74429c7d9f94760f18885f46c49c3521c4450dc26c74b990621,data/validation/raw/congress_derived.metadata.md,present,Congress.gov Derived Raw Validation Samples,cbe888d489967e15f90479e0b865c455dfd2a5c30e8b2595f35085515615b1c6,scripts/validation/build_core_raw_validation_datasets.py,yes,no,raw_cached,flow sanity check,Supports rough committee reporting only; hearings markups and amendments remain thin,Current sample derives report flags from actions and has thin hearing or markup coverage,U.S. government public data; committee source terms depend on extract
Court review and invalidation,Supreme Court Database case-centered merits decisions,court_review.csv,data/validation/raw/court_review.csv,present,9341,,16,"case_id,case_name,term,decision_date,issue,emergency_order,invalidated,vote_margin,signed_opinion,us_cite,sct_cite,lexis_cite,law_type,law_supp,law_minor,usc_sections",29e5280e1be5d535480e34e6071c6851c28ea211c65063f5ee2d28bf57debf4b,data/validation/raw/court_review.metadata.md,present,Court Review Raw Validation Dataset,f8618204c857481e4fcb239101b133be9c76548cddd0e3e56728796a528cd13d,scripts/validation/build_court_review_dataset.py,yes,no,raw_cached,held-out benchmark,Supports held-out merits-case court-review plausibility and bounded U.S.C.-section authority-overlap metadata only; emergency-order behavior and direct case-to-public-law review remain unvalidated,SCDB case-centered sample excludes separately coded emergency or shadow-docket orders; current court-law linkage is U.S.C.-section authority overlap rather than direct public-law invalidation evidence,SCDB citation required; source page provides release citation and codebook
Rulemaking implementation and enforcement,Federal Register final-rule effective-date sample,rulemaking_implementation.csv,data/validation/raw/rulemaking_implementation.csv,present,500,2024-11-29..2028-09-30,14,"law_id,proposed_rule_date,final_rule_date,effective_date,comment_count,enforcement_capacity,nonenforced,underfunded,agency,regulation_id_number,docket_id,cfr_reference,title,source_url",d3c28162cc0a2c2b8cdffdbeef8c7c7c35e4f4f39d746dae75a8deb659818020,data/validation/raw/rulemaking_implementation.metadata.md,present,Rulemaking Implementation Raw Validation Dataset,ac5c00669a06ad6ac1501f7353c04be581220ee7f988014fb6361a02506c3ac4,scripts/validation/build_rulemaking_implementation_dataset.py,yes,no,raw_cached,held-out benchmark,"Supports held-out final-rule implementation-delay plausibility only; complete comment records, enforcement, nonenforcement, and underfunding remain unvalidated","Federal Register final-rule extract has auxiliary document/docket/RIN/CFR/agency metadata and Federal Register-exposed Regulations.gov comment-count metadata for most cached rows; a bounded public-law authority-search cache links some cached public-law rows to Federal Register rule text, a bounded proposed-history cache links some authority-matched final rules to proposed-rule metadata, and bounded comment-record metadata plus sanitized public comment-detail review now cover one complete small docket and a bounded partial high-volume docket sample, but complete comment coverage for partial or high-volume dockets, a full comment-text corpus, Unified Agenda stages, enforcement failures, and appropriations data remain absent",U.S. government public data from Federal Register API; verify against official Federal Register/govinfo for legal reliance
Statutory revision and law lineage,Congress.gov public-law title and CRS summary revision-text sample,law_revision_history.csv,data/validation/raw/law_revision_history.csv,present,120,2021-04-14..2025-01-06,16,"law_id,enacted_date,amended,reauthorized,repealed,expired,invalidated,congress,bill_id,public_law_number,bill_title,policy_area,revision_terms,summary_count,title_count,source_url",9751356404a92af0ed1197d602f66048bdfc181582d74a83cba653e8a4eed573,data/validation/raw/law_revision_history.metadata.md,present,Law Revision History Raw Validation Dataset,06de0d7805f8147e025c67f5aa1e78b52c8b1e7fa3351812ee071eb3ed13e833,scripts/validation/build_law_revision_history_dataset.py,yes,yes,raw_cached,held-out benchmark,Supports held-out statutory revision-activity plausibility bounded official OLRC public-law marker review target review packets and a thirteen-public-law source-reviewed target-section diff pilot only; not full target-statute longitudinal lineage observed expiration outcomes effective statutory text or direct court invalidation,Text-derived flags from public-law titles and summaries plus bounded official OLRC post-only public-law marker evidence target review packets thirteen-public-law target-section diff pilot authority/proposed-history and court U.S.C.-section-overlap metadata; no full codified statutory lineage observed expiration outcomes complete comments enforcement outcomes effective statutory text or direct court invalidation,U.S. government public data from Congress.gov; API key required for refresh but no key is cached
