public_law_number,bill_id,final_document_number,history_status,final_publication_date,final_effective_date,final_title,final_citation,agency_names,regulation_id_numbers,docket_ids,cfr_references,candidate_proposed_rule_count,matched_proposed_rule_count,proposed_document_numbers,proposed_publication_dates,proposed_titles,proposed_citations,proposed_comment_close_dates,proposed_comment_urls,proposed_regulations_docket_ids,proposed_regulations_comments_urls,shared_identifiers,days_from_earliest_proposed_to_final,source_urls,api_urls,evidence_layers,missing_links,claim_boundary
117-146,117-s-3580,2024-02926,proposed_rule_history_match,2024-02-26,2024-05-28,Demurrage and Detention Billing Requirements,89 FR 14330,Federal Maritime Commission,3072-AC90,Docket No. FMC-2022-0066,46 CFR 541,5,5,2022-02981; 2022-05572; 2022-22290; 2022-24362; 2022-26025,2022-02-15; 2022-03-17; 2022-10-14; 2022-11-15; 2022-11-29,Demurrage and Detention Billing Requirements,87 FR 15179; 87 FR 62341; 87 FR 68416; 87 FR 73278; 87 FR 8506,2022-02-15; 2022-03-17; 2022-11-25; 2022-12-09; 2022-12-13,,FMC-2022-0013; FMC-2022-0023; FMC-2022-0066,https://www.regulations.gov/docketBrowser?rpp=50&so=DESC&sb=postedDate&po=0&dct=PS&D=FMC-2022-0013; https://www.regulations.gov/docketBrowser?rpp=50&so=DESC&sb=postedDate&po=0&dct=PS&D=FMC-2022-0023; https://www.regulations.gov/docketBrowser?rpp=50&so=DESC&sb=postedDate&po=0&dct=PS&D=FMC-2022-0066,DOCKET:FMC20220066; RIN:3072-AC90,741,https://www.federalregister.gov/documents/2022/02/15/2022-02981/demurrage-and-detention-billing-requirements; https://www.federalregister.gov/documents/2022/03/17/2022-05572/demurrage-and-detention-billing-requirements; https://www.federalregister.gov/documents/2022/10/14/2022-22290/demurrage-and-detention-billing-requirements; https://www.federalregister.gov/documents/2022/11/15/2022-24362/demurrage-and-detention-billing-requirements; https://www.federalregister.gov/documents/2022/11/29/2022-26025/demurrage-and-detention-billing-requirements; https://www.federalregister.gov/documents/2024/02/26/2024-02926/demurrage-and-detention-billing-requirements,https://www.federalregister.gov/api/v1/documents/2022-02981.json; https://www.federalregister.gov/api/v1/documents/2022-05572.json; https://www.federalregister.gov/api/v1/documents/2022-22290.json; https://www.federalregister.gov/api/v1/documents/2022-24362.json; https://www.federalregister.gov/api/v1/documents/2022-26025.json; https://www.federalregister.gov/api/v1/documents/2024-02926.json,federal_register_authority_text_verified; final_rule_detail_metadata; proposed_rule_search_by_rin_or_docket; proposed_rule_shared_identifier_match,complete_regulations_comments; unified_agenda_stage; enforcement_outcomes; appropriations_capacity; exhaustive_implementation_coverage; causal_implementation_effect; model_validation,"Bounded Federal Register proposed-rule search for final rules already text-verified as citing cached public laws; matches require shared RIN or docket identifiers and do not prove complete public-comment records, Unified Agenda stage coverage, enforcement outcomes, appropriations capacity, exhaustive implementation coverage, public benefit, welfare, causal effects, or model validation."
117-146,117-s-3580,2023-05393,no_proposed_rule_history_match,2023-03-20,2023-04-19,Civil Penalty Amendments to Rules of Practice and Procedure,88 FR 16573,Federal Maritime Commission,3072-AC95,Docket No. FMC-2023-0008,46 CFR 502,0,0,,,,,,,,,,,https://www.federalregister.gov/documents/2023/03/20/2023-05393/civil-penalty-amendments-to-rules-of-practice-and-procedure,https://www.federalregister.gov/api/v1/documents/2023-05393.json,federal_register_authority_text_verified; final_rule_detail_metadata; proposed_rule_search_by_rin_or_docket,proposed_rule_history; complete_regulations_comments; unified_agenda_stage; enforcement_outcomes; appropriations_capacity; exhaustive_implementation_coverage; causal_implementation_effect; model_validation,"Bounded Federal Register proposed-rule search for final rules already text-verified as citing cached public laws; matches require shared RIN or docket identifiers and do not prove complete public-comment records, Unified Agenda stage coverage, enforcement outcomes, appropriations capacity, exhaustive implementation coverage, public benefit, welfare, causal effects, or model validation."
117-146,117-s-3580,2024-16148,proposed_rule_history_match,2024-07-23,2024-09-23,Definition of Unreasonable Refusal To Deal or Negotiate With Respect to Vessel Space Accommodations Provided by an Ocean Common Carrier,89 FR 59648,Federal Maritime Commission,3072-AC92,Docket No. FMC-2023-0010,46 CFR 542,2,1,2023-12744,2023-06-14,Definition of Unreasonable Refusal To Deal or Negotiate With Respect to Vessel Space Accommodations Provided by an Ocean Common Carrier,88 FR 38789,2023-07-31,,FMC-2023-0010,https://www.regulations.gov/docketBrowser?rpp=50&so=DESC&sb=postedDate&po=0&dct=PS&D=FMC-2023-0010,DOCKET:FMC20230010; RIN:3072-AC92,405,https://www.federalregister.gov/documents/2023/06/14/2023-12744/definition-of-unreasonable-refusal-to-deal-or-negotiate-with-respect-to-vessel-space-accommodations; https://www.federalregister.gov/documents/2024/07/23/2024-16148/definition-of-unreasonable-refusal-to-deal-or-negotiate-with-respect-to-vessel-space-accommodations,https://www.federalregister.gov/api/v1/documents/2023-12744.json; https://www.federalregister.gov/api/v1/documents/2024-16148.json,federal_register_authority_text_verified; final_rule_detail_metadata; proposed_rule_search_by_rin_or_docket; proposed_rule_shared_identifier_match,complete_regulations_comments; unified_agenda_stage; enforcement_outcomes; appropriations_capacity; exhaustive_implementation_coverage; causal_implementation_effect; model_validation,"Bounded Federal Register proposed-rule search for final rules already text-verified as citing cached public laws; matches require shared RIN or docket identifiers and do not prove complete public-comment records, Unified Agenda stage coverage, enforcement outcomes, appropriations capacity, exhaustive implementation coverage, public benefit, welfare, causal effects, or model validation."
117-166,117-hr-7352,2024-18083,no_proposed_rule_history_match,2024-08-23,2024-08-22,Business Loan Program Temporary Changes; Paycheck Protection Program-Extension of Lender Records Retention Requirements,89 FR 68090,Small Business Administration,3245-AI17,Docket Number SBA-2024-0006,13 CFR 120,0,0,,,,,,,,,,,https://www.federalregister.gov/documents/2024/08/23/2024-18083/business-loan-program-temporary-changes-paycheck-protection-program-extension-of-lender-records,https://www.federalregister.gov/api/v1/documents/2024-18083.json,federal_register_authority_text_verified; final_rule_detail_metadata; proposed_rule_search_by_rin_or_docket,proposed_rule_history; complete_regulations_comments; unified_agenda_stage; enforcement_outcomes; appropriations_capacity; exhaustive_implementation_coverage; causal_implementation_effect; model_validation,"Bounded Federal Register proposed-rule search for final rules already text-verified as citing cached public laws; matches require shared RIN or docket identifiers and do not prove complete public-comment records, Unified Agenda stage coverage, enforcement outcomes, appropriations capacity, exhaustive implementation coverage, public benefit, welfare, causal effects, or model validation."
117-167,117-hr-4346,2026-03307,no_proposed_rule_history_match,2026-02-19,2026-02-19,"Eliminating Obsolete Marking Requirements for Toy, Look-Alike, and Imitation Firearms",91 FR 7824,Commerce Department; National Institute of Standards and Technology,0693-AB73,Docket No. 260210-0043,15 CFR 272,0,0,,,,,,,,,,,https://www.federalregister.gov/documents/2026/02/19/2026-03307/eliminating-obsolete-marking-requirements-for-toy-look-alike-and-imitation-firearms,https://www.federalregister.gov/api/v1/documents/2026-03307.json,federal_register_authority_text_verified; final_rule_detail_metadata; proposed_rule_search_by_rin_or_docket,proposed_rule_history; complete_regulations_comments; unified_agenda_stage; enforcement_outcomes; appropriations_capacity; exhaustive_implementation_coverage; causal_implementation_effect; model_validation,"Bounded Federal Register proposed-rule search for final rules already text-verified as citing cached public laws; matches require shared RIN or docket identifiers and do not prove complete public-comment records, Unified Agenda stage coverage, enforcement outcomes, appropriations capacity, exhaustive implementation coverage, public benefit, welfare, causal effects, or model validation."
117-167,117-hr-4346,2024-25810,no_proposed_rule_history_match,2024-11-25,2024-10-16,Final Scientific Integrity Policy,89 FR 92830,Health and Human Services Department,,,42 CFR 93; 45 CFR 46; 45 CFR 73,0,0,,,,,,,,,,,https://www.federalregister.gov/documents/2024/11/25/2024-25810/final-scientific-integrity-policy,https://www.federalregister.gov/api/v1/documents/2024-25810.json,federal_register_authority_text_verified; final_rule_detail_metadata; proposed_rule_search_by_rin_or_docket,proposed_rule_history; complete_regulations_comments; unified_agenda_stage; enforcement_outcomes; appropriations_capacity; exhaustive_implementation_coverage; causal_implementation_effect; model_validation,"Bounded Federal Register proposed-rule search for final rules already text-verified as citing cached public laws; matches require shared RIN or docket identifiers and do not prove complete public-comment records, Unified Agenda stage coverage, enforcement outcomes, appropriations capacity, exhaustive implementation coverage, public benefit, welfare, causal effects, or model validation."
117-167,117-hr-4346,2023-09999,no_proposed_rule_history_match,2023-05-11,2023-06-26,"Marking of Toy, Look-Alike, and Imitation Firearms",88 FR 30226,Consumer Product Safety Commission,,Docket No. CPSC-2023-0021,16 CFR 1272,0,0,,,,,,,,,,,https://www.federalregister.gov/documents/2023/05/11/2023-09999/marking-of-toy-look-alike-and-imitation-firearms,https://www.federalregister.gov/api/v1/documents/2023-09999.json,federal_register_authority_text_verified; final_rule_detail_metadata; proposed_rule_search_by_rin_or_docket,proposed_rule_history; complete_regulations_comments; unified_agenda_stage; enforcement_outcomes; appropriations_capacity; exhaustive_implementation_coverage; causal_implementation_effect; model_validation,"Bounded Federal Register proposed-rule search for final rules already text-verified as citing cached public laws; matches require shared RIN or docket identifiers and do not prove complete public-comment records, Unified Agenda stage coverage, enforcement outcomes, appropriations capacity, exhaustive implementation coverage, public benefit, welfare, causal effects, or model validation."
117-167,117-hr-4346,2024-23857,proposed_rule_history_match,2024-10-23,2024-12-23,Advanced Manufacturing Investment Credit Rules Under Sections 48D and 50,89 FR 84732,Treasury Department; Internal Revenue Service,1545-BQ54,TD 10009,26 CFR 1,6,5,2023-05871; 2023-07987; 2023-13247; 2023-18514; 2023-23616,2023-03-23; 2023-04-17; 2023-06-22; 2023-08-30; 2023-10-27,Advanced Manufacturing Investment Credit; Advanced Manufacturing Investment Credit; Correction; Advanced Manufacturing Investment Credit; Hearing; Increased Credit or Deduction Amounts for Satisfying Certain Prevailing Wage and Registered Apprenticeship Requirements; Increased Credit or Deduction Amounts for Satisfying Certain Prevailing Wage and Registered Apprenticeship Requirements; Correction,88 FR 17451; 88 FR 23369; 88 FR 40725; 88 FR 60018; 88 FR 73807,2023-05-22; 2023-10-30,http://www.regulations.gov/commenton/IRS-2023-0042-0001; https://www.regulations.gov/commenton/IRS-2023-0012-0001,IRS-2023-0012; IRS-2023-0042,https://www.regulations.gov/docketBrowser?rpp=50&so=DESC&sb=postedDate&po=0&dct=PS&D=IRS-2023-0012; https://www.regulations.gov/docketBrowser?rpp=50&so=DESC&sb=postedDate&po=0&dct=PS&D=IRS-2023-0042,RIN:1545-BQ54,580,https://www.federalregister.gov/documents/2023/03/23/2023-05871/advanced-manufacturing-investment-credit; https://www.federalregister.gov/documents/2023/04/17/2023-07987/advanced-manufacturing-investment-credit-correction; https://www.federalregister.gov/documents/2023/06/22/2023-13247/advanced-manufacturing-investment-credit-hearing; https://www.federalregister.gov/documents/2023/08/30/2023-18514/increased-credit-or-deduction-amounts-for-satisfying-certain-prevailing-wage-and-registered; https://www.federalregister.gov/documents/2023/10/27/2023-23616/increased-credit-or-deduction-amounts-for-satisfying-certain-prevailing-wage-and-registered; https://www.federalregister.gov/documents/2024/10/23/2024-23857/advanced-manufacturing-investment-credit-rules-under-sections-48d-and-50,https://www.federalregister.gov/api/v1/documents/2023-05871.json; https://www.federalregister.gov/api/v1/documents/2023-07987.json; https://www.federalregister.gov/api/v1/documents/2023-13247.json; https://www.federalregister.gov/api/v1/documents/2023-18514.json; https://www.federalregister.gov/api/v1/documents/2023-23616.json; https://www.federalregister.gov/api/v1/documents/2024-23857.json,federal_register_authority_text_verified; final_rule_detail_metadata; proposed_rule_search_by_rin_or_docket; proposed_rule_shared_identifier_match,complete_regulations_comments; unified_agenda_stage; enforcement_outcomes; appropriations_capacity; exhaustive_implementation_coverage; causal_implementation_effect; model_validation,"Bounded Federal Register proposed-rule search for final rules already text-verified as citing cached public laws; matches require shared RIN or docket identifiers and do not prove complete public-comment records, Unified Agenda stage coverage, enforcement outcomes, appropriations capacity, exhaustive implementation coverage, public benefit, welfare, causal effects, or model validation."
117-167,117-hr-4346,2023-16009,proposed_rule_history_match,2023-08-01,2023-08-31,NSF Federal Cyber Scholarship-for-Service Program (CyberCorps® SFS),88 FR 50044,National Science Foundation,3145-AA64,,45 CFR 620,2,1,2022-14328,2022-07-15,NSF Federal Cyber Scholarship-for-Service Program (CyberCorps® SFS),87 FR 42431,2022-09-13,,NSF_FRDOC_0001,https://www.regulations.gov/docketBrowser?rpp=50&so=DESC&sb=postedDate&po=0&dct=PS&D=NSF_FRDOC_0001,RIN:3145-AA64,382,https://www.federalregister.gov/documents/2022/07/15/2022-14328/nsf-federal-cyber-scholarship-for-service-program-cybercorps-sfs; https://www.federalregister.gov/documents/2023/08/01/2023-16009/nsf-federal-cyber-scholarship-for-service-program-cybercorps-sfs,https://www.federalregister.gov/api/v1/documents/2022-14328.json; https://www.federalregister.gov/api/v1/documents/2023-16009.json,federal_register_authority_text_verified; final_rule_detail_metadata; proposed_rule_search_by_rin_or_docket; proposed_rule_shared_identifier_match,complete_regulations_comments; unified_agenda_stage; enforcement_outcomes; appropriations_capacity; exhaustive_implementation_coverage; causal_implementation_effect; model_validation,"Bounded Federal Register proposed-rule search for final rules already text-verified as citing cached public laws; matches require shared RIN or docket identifiers and do not prove complete public-comment records, Unified Agenda stage coverage, enforcement outcomes, appropriations capacity, exhaustive implementation coverage, public benefit, welfare, causal effects, or model validation."
117-167,117-hr-4346,2024-30030,proposed_rule_history_match,2024-12-19,2025-01-21,Freight Car Safety Standards Implementing the Infrastructure Investment and Jobs Act,89 FR 103677,Transportation Department; Federal Railroad Administration,2130-AC94,"Docket No. FRA-2023-0021, Notice No. 2",49 CFR 215,1,1,2023-26133,2023-12-08,Freight Car Safety Standards Implementing the Infrastructure Investment and Jobs Act,88 FR 85561,2024-02-06,https://www.regulations.gov/commenton/FRA-2023-0021-0001,FRA-2023-0021,https://www.regulations.gov/docketBrowser?rpp=50&so=DESC&sb=postedDate&po=0&dct=PS&D=FRA-2023-0021,RIN:2130-AC94,377,https://www.federalregister.gov/documents/2023/12/08/2023-26133/freight-car-safety-standards-implementing-the-infrastructure-investment-and-jobs-act; https://www.federalregister.gov/documents/2024/12/19/2024-30030/freight-car-safety-standards-implementing-the-infrastructure-investment-and-jobs-act,https://www.federalregister.gov/api/v1/documents/2023-26133.json; https://www.federalregister.gov/api/v1/documents/2024-30030.json,federal_register_authority_text_verified; final_rule_detail_metadata; proposed_rule_search_by_rin_or_docket; proposed_rule_shared_identifier_match,complete_regulations_comments; unified_agenda_stage; enforcement_outcomes; appropriations_capacity; exhaustive_implementation_coverage; causal_implementation_effect; model_validation,"Bounded Federal Register proposed-rule search for final rules already text-verified as citing cached public laws; matches require shared RIN or docket identifiers and do not prove complete public-comment records, Unified Agenda stage coverage, enforcement outcomes, appropriations capacity, exhaustive implementation coverage, public benefit, welfare, causal effects, or model validation."
117-168,117-s-3373,2023-25836,proposed_rule_history_match,2023-11-24,2024-01-23,Reevaluation of Claims for Dependency and Indemnity Compensation,88 FR 82261,Veterans Affairs Department,2900-AR76,,38 CFR 3,3,1,2023-05840,2023-03-22,Reevaluation of Claims for Dependency and Indemnity Compensation,88 FR 17166,2023-05-22,,VA-2023-VBA-0014,https://www.regulations.gov/docketBrowser?rpp=50&so=DESC&sb=postedDate&po=0&dct=PS&D=VA-2023-VBA-0014,RIN:2900-AR76,247,https://www.federalregister.gov/documents/2023/03/22/2023-05840/reevaluation-of-claims-for-dependency-and-indemnity-compensation; https://www.federalregister.gov/documents/2023/11/24/2023-25836/reevaluation-of-claims-for-dependency-and-indemnity-compensation,https://www.federalregister.gov/api/v1/documents/2023-05840.json; https://www.federalregister.gov/api/v1/documents/2023-25836.json,federal_register_authority_text_verified; final_rule_detail_metadata; proposed_rule_search_by_rin_or_docket; proposed_rule_shared_identifier_match,complete_regulations_comments; unified_agenda_stage; enforcement_outcomes; appropriations_capacity; exhaustive_implementation_coverage; causal_implementation_effect; model_validation,"Bounded Federal Register proposed-rule search for final rules already text-verified as citing cached public laws; matches require shared RIN or docket identifiers and do not prove complete public-comment records, Unified Agenda stage coverage, enforcement outcomes, appropriations capacity, exhaustive implementation coverage, public benefit, welfare, causal effects, or model validation."
117-168,117-s-3373,2024-04202,no_proposed_rule_history_match,2024-03-05,,"Processing Applications for Health Care, Sergeant First Class Heath Robinson Honoring Our Promise To Address Comprehensive Toxics Act of 2022, or the Honoring Our PACT Act of 2022",89 FR 15753,Veterans Affairs Department,,,38 CFR 3,0,0,,,,,,,,,,,https://www.federalregister.gov/documents/2024/03/05/2024-04202/processing-applications-for-health-care-sergeant-first-class-heath-robinson-honoring-our-promise-to,https://www.federalregister.gov/api/v1/documents/2024-04202.json,federal_register_authority_text_verified; final_rule_detail_metadata; proposed_rule_search_by_rin_or_docket,proposed_rule_history; complete_regulations_comments; unified_agenda_stage; enforcement_outcomes; appropriations_capacity; exhaustive_implementation_coverage; causal_implementation_effect; model_validation,"Bounded Federal Register proposed-rule search for final rules already text-verified as citing cached public laws; matches require shared RIN or docket identifiers and do not prove complete public-comment records, Unified Agenda stage coverage, enforcement outcomes, appropriations capacity, exhaustive implementation coverage, public benefit, welfare, causal effects, or model validation."
117-168,117-s-3373,2023-18979,no_proposed_rule_history_match,2023-09-01,2023-10-31,Presumptive Service Connection for Respiratory Conditions Due to Exposure to Fine Particulate Matter,88 FR 60336,Veterans Affairs Department,2900-AR25,,38 CFR 3,1,0,,,,,,,,,,,https://www.federalregister.gov/documents/2023/09/01/2023-18979/presumptive-service-connection-for-respiratory-conditions-due-to-exposure-to-fine-particulate-matter,https://www.federalregister.gov/api/v1/documents/2023-18979.json,federal_register_authority_text_verified; final_rule_detail_metadata; proposed_rule_search_by_rin_or_docket,proposed_rule_history; complete_regulations_comments; unified_agenda_stage; enforcement_outcomes; appropriations_capacity; exhaustive_implementation_coverage; causal_implementation_effect; model_validation,"Bounded Federal Register proposed-rule search for final rules already text-verified as citing cached public laws; matches require shared RIN or docket identifiers and do not prove complete public-comment records, Unified Agenda stage coverage, enforcement outcomes, appropriations capacity, exhaustive implementation coverage, public benefit, welfare, causal effects, or model validation."
117-168,117-s-3373,2024-31220,no_proposed_rule_history_match,2025-01-02,2025-01-02,"Presumptive Service Connection for Bladder, Ureter, and Related Genitourinary Cancers Due to Exposure to Fine Particulate Matter",90 FR 23,Veterans Affairs Department,,,38 CFR 3,0,0,,,,,,,,,,,https://www.federalregister.gov/documents/2025/01/02/2024-31220/presumptive-service-connection-for-bladder-ureter-and-related-genitourinary-cancers-due-to-exposure,https://www.federalregister.gov/api/v1/documents/2024-31220.json,federal_register_authority_text_verified; final_rule_detail_metadata; proposed_rule_search_by_rin_or_docket,proposed_rule_history; complete_regulations_comments; unified_agenda_stage; enforcement_outcomes; appropriations_capacity; exhaustive_implementation_coverage; causal_implementation_effect; model_validation,"Bounded Federal Register proposed-rule search for final rules already text-verified as citing cached public laws; matches require shared RIN or docket identifiers and do not prove complete public-comment records, Unified Agenda stage coverage, enforcement outcomes, appropriations capacity, exhaustive implementation coverage, public benefit, welfare, causal effects, or model validation."
117-168,117-s-3373,2023-24195,no_proposed_rule_history_match,2023-11-03,2023-11-03,Presumptive Service Connection for Rare Respiratory Cancers Due to Exposure to Fine Particulate Matter,88 FR 75498,Veterans Affairs Department,2900-AR44,,38 CFR 3,1,0,,,,,,,,,,,https://www.federalregister.gov/documents/2023/11/03/2023-24195/presumptive-service-connection-for-rare-respiratory-cancers-due-to-exposure-to-fine-particulate,https://www.federalregister.gov/api/v1/documents/2023-24195.json,federal_register_authority_text_verified; final_rule_detail_metadata; proposed_rule_search_by_rin_or_docket,proposed_rule_history; complete_regulations_comments; unified_agenda_stage; enforcement_outcomes; appropriations_capacity; exhaustive_implementation_coverage; causal_implementation_effect; model_validation,"Bounded Federal Register proposed-rule search for final rules already text-verified as citing cached public laws; matches require shared RIN or docket identifiers and do not prove complete public-comment records, Unified Agenda stage coverage, enforcement outcomes, appropriations capacity, exhaustive implementation coverage, public benefit, welfare, causal effects, or model validation."
117-169,117-hr-5376,2026-07088,no_proposed_rule_history_match,2026-04-13,2026-04-13,Delegations of Authority,91 FR 18767,Agriculture Department; Office of the Secretary,0503-AA91,,7 CFR 2,0,0,,,,,,,,,,,https://www.federalregister.gov/documents/2026/04/13/2026-07088/delegations-of-authority,https://www.federalregister.gov/api/v1/documents/2026-07088.json,federal_register_authority_text_verified; final_rule_detail_metadata; proposed_rule_search_by_rin_or_docket,proposed_rule_history; complete_regulations_comments; unified_agenda_stage; enforcement_outcomes; appropriations_capacity; exhaustive_implementation_coverage; causal_implementation_effect; model_validation,"Bounded Federal Register proposed-rule search for final rules already text-verified as citing cached public laws; matches require shared RIN or docket identifiers and do not prove complete public-comment records, Unified Agenda stage coverage, enforcement outcomes, appropriations capacity, exhaustive implementation coverage, public benefit, welfare, causal effects, or model validation."
117-169,117-hr-5376,2026-08280,proposed_rule_history_match,2026-04-29,2026-06-29,"Revisions to Regulations Regarding Oil and Gas Leasing; Fees, Rentals, and Royalties",91 FR 23017,Interior Department; Land Management Bureau,1004-AF41,"A2407-014-004-065516, #O2509-014-004-125222; Docket No. BLM-2025-0138",43 CFR 3100,4,1,2026-01926,2026-01-30,Requirements for Site Security and Production Handling; Applying for Commingling and Allocation Approval,91 FR 4045,2026-03-31,,BLM-2025-0070,https://www.regulations.gov/docketBrowser?rpp=50&so=DESC&sb=postedDate&po=0&dct=PS&D=BLM-2025-0070,DOCKET:A2407014004065516O2509014004125222,89,https://www.federalregister.gov/documents/2026/01/30/2026-01926/requirements-for-site-security-and-production-handling-applying-for-commingling-and-allocation; https://www.federalregister.gov/documents/2026/04/29/2026-08280/revisions-to-regulations-regarding-oil-and-gas-leasing-fees-rentals-and-royalties,https://www.federalregister.gov/api/v1/documents/2026-01926.json; https://www.federalregister.gov/api/v1/documents/2026-08280.json,federal_register_authority_text_verified; final_rule_detail_metadata; proposed_rule_search_by_rin_or_docket; proposed_rule_shared_identifier_match,complete_regulations_comments; unified_agenda_stage; enforcement_outcomes; appropriations_capacity; exhaustive_implementation_coverage; causal_implementation_effect; model_validation,"Bounded Federal Register proposed-rule search for final rules already text-verified as citing cached public laws; matches require shared RIN or docket identifiers and do not prove complete public-comment records, Unified Agenda stage coverage, enforcement outcomes, appropriations capacity, exhaustive implementation coverage, public benefit, welfare, causal effects, or model validation."
117-169,117-hr-5376,2025-14621,no_proposed_rule_history_match,2025-08-01,2025-08-01,Revision to Regulations Regarding Competitive Leases; Expression of Interest Process,90 FR 36118,Interior Department; Land Management Bureau,1004-AF42,#O2412-014-004-047181.1; A2407-014-004-065516; Docket No. BLM-2025-0139,43 CFR 3100; 43 CFR 3120,4,0,,,,,,,,,,,https://www.federalregister.gov/documents/2025/08/01/2025-14621/revision-to-regulations-regarding-competitive-leases-expression-of-interest-process,https://www.federalregister.gov/api/v1/documents/2025-14621.json,federal_register_authority_text_verified; final_rule_detail_metadata; proposed_rule_search_by_rin_or_docket,proposed_rule_history; complete_regulations_comments; unified_agenda_stage; enforcement_outcomes; appropriations_capacity; exhaustive_implementation_coverage; causal_implementation_effect; model_validation,"Bounded Federal Register proposed-rule search for final rules already text-verified as citing cached public laws; matches require shared RIN or docket identifiers and do not prove complete public-comment records, Unified Agenda stage coverage, enforcement outcomes, appropriations capacity, exhaustive implementation coverage, public benefit, welfare, causal effects, or model validation."
117-169,117-hr-5376,2023-28775,no_proposed_rule_history_match,2023-12-29,,Action to Delay Effective Date Consistent With Congressionally Enacted Moratorium,88 FR 90125,"Health and Human Services Department; Inspector General Office, Health and Human Services Department",0936-AA14,,42 CFR 1001,0,0,,,,,,,,,,,https://www.federalregister.gov/documents/2023/12/29/2023-28775/action-to-delay-effective-date-consistent-with-congressionally-enacted-moratorium,https://www.federalregister.gov/api/v1/documents/2023-28775.json,federal_register_authority_text_verified; final_rule_detail_metadata; proposed_rule_search_by_rin_or_docket,proposed_rule_history; complete_regulations_comments; unified_agenda_stage; enforcement_outcomes; appropriations_capacity; exhaustive_implementation_coverage; causal_implementation_effect; model_validation,"Bounded Federal Register proposed-rule search for final rules already text-verified as citing cached public laws; matches require shared RIN or docket identifiers and do not prove complete public-comment records, Unified Agenda stage coverage, enforcement outcomes, appropriations capacity, exhaustive implementation coverage, public benefit, welfare, causal effects, or model validation."
117-169,117-hr-5376,2025-19675,no_proposed_rule_history_match,2025-10-28,2025-10-28,Energy Dominance Financing Amendments,90 FR 48705,Energy Department,1901-AB72,DOE-HQ-2025-0174,10 CFR 609,0,0,,,,,,,,,,,https://www.federalregister.gov/documents/2025/10/28/2025-19675/energy-dominance-financing-amendments,https://www.federalregister.gov/api/v1/documents/2025-19675.json,federal_register_authority_text_verified; final_rule_detail_metadata; proposed_rule_search_by_rin_or_docket,proposed_rule_history; complete_regulations_comments; unified_agenda_stage; enforcement_outcomes; appropriations_capacity; exhaustive_implementation_coverage; causal_implementation_effect; model_validation,"Bounded Federal Register proposed-rule search for final rules already text-verified as citing cached public laws; matches require shared RIN or docket identifiers and do not prove complete public-comment records, Unified Agenda stage coverage, enforcement outcomes, appropriations capacity, exhaustive implementation coverage, public benefit, welfare, causal effects, or model validation."
117-169,117-hr-5376,2024-09105,no_proposed_rule_history_match,2024-04-29,2024-07-15,Statutory Updates to the Advanced Technology Vehicles Manufacturing Program,89 FR 33196,Energy Department,1901-AB60,,10 CFR 611,2,0,,,,,,,,,,,https://www.federalregister.gov/documents/2024/04/29/2024-09105/statutory-updates-to-the-advanced-technology-vehicles-manufacturing-program,https://www.federalregister.gov/api/v1/documents/2024-09105.json,federal_register_authority_text_verified; final_rule_detail_metadata; proposed_rule_search_by_rin_or_docket,proposed_rule_history; complete_regulations_comments; unified_agenda_stage; enforcement_outcomes; appropriations_capacity; exhaustive_implementation_coverage; causal_implementation_effect; model_validation,"Bounded Federal Register proposed-rule search for final rules already text-verified as citing cached public laws; matches require shared RIN or docket identifiers and do not prove complete public-comment records, Unified Agenda stage coverage, enforcement outcomes, appropriations capacity, exhaustive implementation coverage, public benefit, welfare, causal effects, or model validation."
117-174,117-s-4458,2024-00629,proposed_rule_history_match,2024-01-16,2024-02-15,"85/15 Rule Calculations, Waiver Criteria, and Reports",89 FR 2493,Veterans Affairs Department,2900-AR56,,38 CFR 21,1,1,2022-22107,2022-10-12,"85/15 Rule Calculations, Waiver Criteria, and Reports",87 FR 61544,2022-12-12,,VA-2022-VBA-0022,https://www.regulations.gov/docketBrowser?rpp=50&so=DESC&sb=postedDate&po=0&dct=PS&D=VA-2022-VBA-0022,RIN:2900-AR56,461,https://www.federalregister.gov/documents/2022/10/12/2022-22107/8515-rule-calculations-waiver-criteria-and-reports; https://www.federalregister.gov/documents/2024/01/16/2024-00629/8515-rule-calculations-waiver-criteria-and-reports,https://www.federalregister.gov/api/v1/documents/2022-22107.json; https://www.federalregister.gov/api/v1/documents/2024-00629.json,federal_register_authority_text_verified; final_rule_detail_metadata; proposed_rule_search_by_rin_or_docket; proposed_rule_shared_identifier_match,complete_regulations_comments; unified_agenda_stage; enforcement_outcomes; appropriations_capacity; exhaustive_implementation_coverage; causal_implementation_effect; model_validation,"Bounded Federal Register proposed-rule search for final rules already text-verified as citing cached public laws; matches require shared RIN or docket identifiers and do not prove complete public-comment records, Unified Agenda stage coverage, enforcement outcomes, appropriations capacity, exhaustive implementation coverage, public benefit, welfare, causal effects, or model validation."
117-180,117-hr-6833,2023-18457,no_proposed_rule_history_match,2023-08-29,2023-08-29,Hermit's Peak/Calf Canyon Fire Assistance,88 FR 59730,Homeland Security Department; Federal Emergency Management Agency,1660-AB14,Docket ID FEMA-2022-0037,44 CFR 296,0,0,,,,,,,,,,,https://www.federalregister.gov/documents/2023/08/29/2023-18457/hermits-peakcalf-canyon-fire-assistance,https://www.federalregister.gov/api/v1/documents/2023-18457.json,federal_register_authority_text_verified; final_rule_detail_metadata; proposed_rule_search_by_rin_or_docket,proposed_rule_history; complete_regulations_comments; unified_agenda_stage; enforcement_outcomes; appropriations_capacity; exhaustive_implementation_coverage; causal_implementation_effect; model_validation,"Bounded Federal Register proposed-rule search for final rules already text-verified as citing cached public laws; matches require shared RIN or docket identifiers and do not prove complete public-comment records, Unified Agenda stage coverage, enforcement outcomes, appropriations capacity, exhaustive implementation coverage, public benefit, welfare, causal effects, or model validation."
117-180,117-hr-6833,2022-26814,no_proposed_rule_history_match,2022-12-09,,Notification of Public Meetings on Hermit's Peak/Calf Canyon Fire Assistance,87 FR 75495,Homeland Security Department; Federal Emergency Management Agency,1660-AB14,Docket ID FEMA-2022-0037,44 CFR 296,0,0,,,,,,,,,,,https://www.federalregister.gov/documents/2022/12/09/2022-26814/notification-of-public-meetings-on-hermits-peakcalf-canyon-fire-assistance,https://www.federalregister.gov/api/v1/documents/2022-26814.json,federal_register_authority_text_verified; final_rule_detail_metadata; proposed_rule_search_by_rin_or_docket,proposed_rule_history; complete_regulations_comments; unified_agenda_stage; enforcement_outcomes; appropriations_capacity; exhaustive_implementation_coverage; causal_implementation_effect; model_validation,"Bounded Federal Register proposed-rule search for final rules already text-verified as citing cached public laws; matches require shared RIN or docket identifiers and do not prove complete public-comment records, Unified Agenda stage coverage, enforcement outcomes, appropriations capacity, exhaustive implementation coverage, public benefit, welfare, causal effects, or model validation."
117-180,117-hr-6833,2022-27236,no_proposed_rule_history_match,2022-12-15,2022-12-15,Exercise of Time-Limited Authority To Increase the Numerical Limitation for FY 2023 for the H-2B Temporary Nonagricultural Worker Program and Portability Flexibility for H-2B Workers Seeking To Change Employers,87 FR 76816,Homeland Security Department; Labor Department; Employment and Training Administration,1205-AC14; 1615-AC82,"CIS No. 2731-22, DHS Docket No. USCIS-2022-0015; DOL Docket No. ETA-",8 CFR 214; 8 CFR 274; 20 CFR 655,20,0,,,,,,,,,,,https://www.federalregister.gov/documents/2022/12/15/2022-27236/exercise-of-time-limited-authority-to-increase-the-numerical-limitation-for-fy-2023-for-the-h-2b,https://www.federalregister.gov/api/v1/documents/2022-27236.json,federal_register_authority_text_verified; final_rule_detail_metadata; proposed_rule_search_by_rin_or_docket,proposed_rule_history; complete_regulations_comments; unified_agenda_stage; enforcement_outcomes; appropriations_capacity; exhaustive_implementation_coverage; causal_implementation_effect; model_validation,"Bounded Federal Register proposed-rule search for final rules already text-verified as citing cached public laws; matches require shared RIN or docket identifiers and do not prove complete public-comment records, Unified Agenda stage coverage, enforcement outcomes, appropriations capacity, exhaustive implementation coverage, public benefit, welfare, causal effects, or model validation."
117-180,117-hr-6833,2022-24728,no_proposed_rule_history_match,2022-11-14,2022-11-14,Hermit's Peak/Calf Canyon Fire Assistance,87 FR 68085,Homeland Security Department; Federal Emergency Management Agency,1660-AB14,Docket ID FEMA-2022-0037,44 CFR 296,0,0,,,,,,,,,,,https://www.federalregister.gov/documents/2022/11/14/2022-24728/hermits-peakcalf-canyon-fire-assistance,https://www.federalregister.gov/api/v1/documents/2022-24728.json,federal_register_authority_text_verified; final_rule_detail_metadata; proposed_rule_search_by_rin_or_docket,proposed_rule_history; complete_regulations_comments; unified_agenda_stage; enforcement_outcomes; appropriations_capacity; exhaustive_implementation_coverage; causal_implementation_effect; model_validation,"Bounded Federal Register proposed-rule search for final rules already text-verified as citing cached public laws; matches require shared RIN or docket identifiers and do not prove complete public-comment records, Unified Agenda stage coverage, enforcement outcomes, appropriations capacity, exhaustive implementation coverage, public benefit, welfare, causal effects, or model validation."
117-180,117-hr-6833,2024-29353,proposed_rule_history_match,2024-12-18,2025-01-17,"Modernizing H-2 Program Requirements, Oversight, and Worker Protections",89 FR 103202,Homeland Security Department,1615-AC76,CIS No. 2740-23; DHS Docket No. USCIS-2023-0012,8 CFR 214; 8 CFR 274,5,1,2023-20123,2023-09-20,"Modernizing H-2 Program Requirements, Oversight, and Worker Protections",88 FR 65040,2023-11-20,,USCIS-2023-0012,https://www.regulations.gov/docketBrowser?rpp=50&so=DESC&sb=postedDate&po=0&dct=PS&D=USCIS-2023-0012,DOCKET:CIS274023; DOCKET:DHSUSCIS20230012; RIN:1615-AC76,455,https://www.federalregister.gov/documents/2023/09/20/2023-20123/modernizing-h-2-program-requirements-oversight-and-worker-protections; https://www.federalregister.gov/documents/2024/12/18/2024-29353/modernizing-h-2-program-requirements-oversight-and-worker-protections,https://www.federalregister.gov/api/v1/documents/2023-20123.json; https://www.federalregister.gov/api/v1/documents/2024-29353.json,federal_register_authority_text_verified; final_rule_detail_metadata; proposed_rule_search_by_rin_or_docket; proposed_rule_shared_identifier_match,complete_regulations_comments; unified_agenda_stage; enforcement_outcomes; appropriations_capacity; exhaustive_implementation_coverage; causal_implementation_effect; model_validation,"Bounded Federal Register proposed-rule search for final rules already text-verified as citing cached public laws; matches require shared RIN or docket identifiers and do not prove complete public-comment records, Unified Agenda stage coverage, enforcement outcomes, appropriations capacity, exhaustive implementation coverage, public benefit, welfare, causal effects, or model validation."
117-180,117-hr-6833,2025-14681,no_proposed_rule_history_match,2025-08-04,2025-10-01,"Medicare Program; Hospital Inpatient Prospective Payment Systems for Acute Care Hospitals (IPPS) and the Long-Term Care Hospital Prospective Payment System and Policy Changes and Fiscal Year (FY) 2026 Rates; Changes to the FY 2025 IPPS Rates Due to Court Decision; Requirements for Quality Programs; and Other Policy Changes; Health Data, Technology, and Interoperability: Electronic Prescribing, Real-Time Prescription Benefit and Electronic Prior Authorization",90 FR 36536,Health and Human Services Department; Centers for Medicare & Medicaid Services; Office of the Secretary,,CMS-1833-F and CMS-1808-F,42 CFR 412; 42 CFR 495; 42 CFR 512; 45 CFR 170,0,0,,,,,,,,,,,https://www.federalregister.gov/documents/2025/08/04/2025-14681/medicare-program-hospital-inpatient-prospective-payment-systems-for-acute-care-hospitals-ipps-and,https://www.federalregister.gov/api/v1/documents/2025-14681.json,federal_register_authority_text_verified; final_rule_detail_metadata; proposed_rule_search_by_rin_or_docket,proposed_rule_history; complete_regulations_comments; unified_agenda_stage; enforcement_outcomes; appropriations_capacity; exhaustive_implementation_coverage; causal_implementation_effect; model_validation,"Bounded Federal Register proposed-rule search for final rules already text-verified as citing cached public laws; matches require shared RIN or docket identifiers and do not prove complete public-comment records, Unified Agenda stage coverage, enforcement outcomes, appropriations capacity, exhaustive implementation coverage, public benefit, welfare, causal effects, or model validation."
117-203,117-s-516,2024-24886,proposed_rule_history_match,2024-11-21,2025-01-21,Integration of Powered-Lift: Pilot Certification and Operations; Miscellaneous Amendments Related to Rotorcraft and Airplanes,89 FR 92296,Transportation Department; Federal Aviation Administration,2120-AL72,"Amdt. Nos. 1-78, 11-69, 43-62, 60-8, 61-157, 91-379, 97-1340, 111-2, 135-147, 136-4, 141-26, 142-11, and 194-1; Docket No. FAA-2023-1275",14 CFR 1; 14 CFR 11; 14 CFR 43; 14 CFR 60; 14 CFR 61; 14 CFR 91; 14 CFR 97; 14 CFR 111; 14 CFR 135; 14 CFR 136; 14 CFR 141; 14 CFR 142; 14 CFR 194,2,1,2023-11497,2023-06-14,Integration of Powered-Lift: Pilot Certification and Operations; Miscellaneous Amendments Related to Rotorcraft and Airplanes,88 FR 38946,2023-08-14,,FAA-2023-1275,https://www.regulations.gov/docketBrowser?rpp=50&so=DESC&sb=postedDate&po=0&dct=PS&D=FAA-2023-1275,DOCKET:FAA20231275; RIN:2120-AL72,526,https://www.federalregister.gov/documents/2023/06/14/2023-11497/integration-of-powered-lift-pilot-certification-and-operations-miscellaneous-amendments-related-to; https://www.federalregister.gov/documents/2024/11/21/2024-24886/integration-of-powered-lift-pilot-certification-and-operations-miscellaneous-amendments-related-to,https://www.federalregister.gov/api/v1/documents/2023-11497.json; https://www.federalregister.gov/api/v1/documents/2024-24886.json,federal_register_authority_text_verified; final_rule_detail_metadata; proposed_rule_search_by_rin_or_docket; proposed_rule_shared_identifier_match,complete_regulations_comments; unified_agenda_stage; enforcement_outcomes; appropriations_capacity; exhaustive_implementation_coverage; causal_implementation_effect; model_validation,"Bounded Federal Register proposed-rule search for final rules already text-verified as citing cached public laws; matches require shared RIN or docket identifiers and do not prove complete public-comment records, Unified Agenda stage coverage, enforcement outcomes, appropriations capacity, exhaustive implementation coverage, public benefit, welfare, causal effects, or model validation."
117-219,117-s-1941,2024-16911,proposed_rule_history_match,2024-08-06,2024-10-01,Medicare Program; Inpatient Rehabilitation Facility Prospective Payment System for Federal Fiscal Year 2025 and Updates to the IRF Quality Reporting Program,89 FR 64276,Health and Human Services Department; Centers for Medicare & Medicaid Services,0938-AV31,CMS-1804-F,42 CFR 412,1,1,2024-06550,2024-03-29,Medicare Program; Inpatient Rehabilitation Facility Prospective Payment System for Federal Fiscal Year 2025 and Updates to the IRF Quality Reporting Program,89 FR 22246,2024-05-28,,CMS-2024-0111,https://www.regulations.gov/docketBrowser?rpp=50&so=DESC&sb=postedDate&po=0&dct=PS&D=CMS-2024-0111,RIN:0938-AV31,130,https://www.federalregister.gov/documents/2024/03/29/2024-06550/medicare-program-inpatient-rehabilitation-facility-prospective-payment-system-for-federal-fiscal; https://www.federalregister.gov/documents/2024/08/06/2024-16911/medicare-program-inpatient-rehabilitation-facility-prospective-payment-system-for-federal-fiscal,https://www.federalregister.gov/api/v1/documents/2024-06550.json; https://www.federalregister.gov/api/v1/documents/2024-16911.json,federal_register_authority_text_verified; final_rule_detail_metadata; proposed_rule_search_by_rin_or_docket; proposed_rule_shared_identifier_match,complete_regulations_comments; unified_agenda_stage; enforcement_outcomes; appropriations_capacity; exhaustive_implementation_coverage; causal_implementation_effect; model_validation,"Bounded Federal Register proposed-rule search for final rules already text-verified as citing cached public laws; matches require shared RIN or docket identifiers and do not prove complete public-comment records, Unified Agenda stage coverage, enforcement outcomes, appropriations capacity, exhaustive implementation coverage, public benefit, welfare, causal effects, or model validation."
117-219,117-s-1941,2024-16909,proposed_rule_history_match,2024-08-07,2024-10-01,Medicare Program; FY 2025 Inpatient Psychiatric Facilities Prospective Payment System-Rate Update,89 FR 64582,Health and Human Services Department; Centers for Medicare & Medicaid Services,0938-AV32,CMS-1806-F,42 CFR 412,2,1,2024-06764,2024-04-03,Medicare Program; FY 2025 Inpatient Psychiatric Facilities Prospective Payment System-Rate Update,89 FR 23146,2024-05-28,,CMS-2024-0119,https://www.regulations.gov/docketBrowser?rpp=50&so=DESC&sb=postedDate&po=0&dct=PS&D=CMS-2024-0119,RIN:0938-AV32,126,https://www.federalregister.gov/documents/2024/04/03/2024-06764/medicare-program-fy-2025-inpatient-psychiatric-facilities-prospective-payment-system-rate-update; https://www.federalregister.gov/documents/2024/08/07/2024-16909/medicare-program-fy-2025-inpatient-psychiatric-facilities-prospective-payment-system-rate-update,https://www.federalregister.gov/api/v1/documents/2024-06764.json; https://www.federalregister.gov/api/v1/documents/2024-16909.json,federal_register_authority_text_verified; final_rule_detail_metadata; proposed_rule_search_by_rin_or_docket; proposed_rule_shared_identifier_match,complete_regulations_comments; unified_agenda_stage; enforcement_outcomes; appropriations_capacity; exhaustive_implementation_coverage; causal_implementation_effect; model_validation,"Bounded Federal Register proposed-rule search for final rules already text-verified as citing cached public laws; matches require shared RIN or docket identifiers and do not prove complete public-comment records, Unified Agenda stage coverage, enforcement outcomes, appropriations capacity, exhaustive implementation coverage, public benefit, welfare, causal effects, or model validation."
117-223,117-hr-7132,2024-12220,no_proposed_rule_history_match,2024-06-04,2024-06-04,Supporting Survivors of Domestic and Sexual Violence; Lifeline and Link Up Reform Modernization,89 FR 47869,Federal Communications Commission,,"FCC 23-96; FR ID 223185; WC Docket Nos. 22-238, 11-42, 21-450",47 CFR 64,16,0,,,,,,,,,,,https://www.federalregister.gov/documents/2024/06/04/2024-12220/supporting-survivors-of-domestic-and-sexual-violence-lifeline-and-link-up-reform-modernization,https://www.federalregister.gov/api/v1/documents/2024-12220.json,federal_register_authority_text_verified; final_rule_detail_metadata; proposed_rule_search_by_rin_or_docket,proposed_rule_history; complete_regulations_comments; unified_agenda_stage; enforcement_outcomes; appropriations_capacity; exhaustive_implementation_coverage; causal_implementation_effect; model_validation,"Bounded Federal Register proposed-rule search for final rules already text-verified as citing cached public laws; matches require shared RIN or docket identifiers and do not prove complete public-comment records, Unified Agenda stage coverage, enforcement outcomes, appropriations capacity, exhaustive implementation coverage, public benefit, welfare, causal effects, or model validation."
117-223,117-hr-7132,2023-25835,no_proposed_rule_history_match,2023-12-05,2024-01-14,Supporting Survivors of Domestic and Sexual Violence; Lifeline and Link Up Reform Modernization,88 FR 84406,Federal Communications Commission,,"FCC 23-96, FR ID 183619; WC Docket Nos. 22-238, 11-42, 21-450",47 CFR 54; 47 CFR 64,2,0,,,,,,,,,,,https://www.federalregister.gov/documents/2023/12/05/2023-25835/supporting-survivors-of-domestic-and-sexual-violence-lifeline-and-link-up-reform-modernization,https://www.federalregister.gov/api/v1/documents/2023-25835.json,federal_register_authority_text_verified; final_rule_detail_metadata; proposed_rule_search_by_rin_or_docket,proposed_rule_history; complete_regulations_comments; unified_agenda_stage; enforcement_outcomes; appropriations_capacity; exhaustive_implementation_coverage; causal_implementation_effect; model_validation,"Bounded Federal Register proposed-rule search for final rules already text-verified as citing cached public laws; matches require shared RIN or docket identifiers and do not prove complete public-comment records, Unified Agenda stage coverage, enforcement outcomes, appropriations capacity, exhaustive implementation coverage, public benefit, welfare, causal effects, or model validation."
117-223,117-hr-7132,2023-26338,proposed_rule_history_match,2023-12-08,2024-01-08,Protecting Consumers from SIM-Swap and Port-Out Fraud,88 FR 85794,Federal Communications Commission,,"FCC 23-95, FR ID 186823; WC Docket No. 21-341",47 CFR 52; 47 CFR 64,8,1,2021-22099,2021-10-15,SIM Swapping and Port-Out Fraud,86 FR 57390,2021-11-15,,,,DOCKET:WC21341,784,https://www.federalregister.gov/documents/2021/10/15/2021-22099/sim-swapping-and-port-out-fraud; https://www.federalregister.gov/documents/2023/12/08/2023-26338/protecting-consumers-from-sim-swap-and-port-out-fraud,https://www.federalregister.gov/api/v1/documents/2021-22099.json; https://www.federalregister.gov/api/v1/documents/2023-26338.json,federal_register_authority_text_verified; final_rule_detail_metadata; proposed_rule_search_by_rin_or_docket; proposed_rule_shared_identifier_match,complete_regulations_comments; unified_agenda_stage; enforcement_outcomes; appropriations_capacity; exhaustive_implementation_coverage; causal_implementation_effect; model_validation,"Bounded Federal Register proposed-rule search for final rules already text-verified as citing cached public laws; matches require shared RIN or docket identifiers and do not prove complete public-comment records, Unified Agenda stage coverage, enforcement outcomes, appropriations capacity, exhaustive implementation coverage, public benefit, welfare, causal effects, or model validation."
117-223,117-hr-7132,2024-05942,proposed_rule_history_match,2024-03-21,2024-04-22,Video Relay Service Improvements,89 FR 20125,Federal Communications Commission,,"CG Docket Nos. 03-123, 10-51; FCC 23-116; FR ID 209179",47 CFR 64,21,1,2024-05461,2024-03-14,Video Relay Service Compensation,89 FR 18586,2024-04-15,,,,DOCKET:CG031231051,7,https://www.federalregister.gov/documents/2024/03/14/2024-05461/video-relay-service-compensation; https://www.federalregister.gov/documents/2024/03/21/2024-05942/video-relay-service-improvements,https://www.federalregister.gov/api/v1/documents/2024-05461.json; https://www.federalregister.gov/api/v1/documents/2024-05942.json,federal_register_authority_text_verified; final_rule_detail_metadata; proposed_rule_search_by_rin_or_docket; proposed_rule_shared_identifier_match,complete_regulations_comments; unified_agenda_stage; enforcement_outcomes; appropriations_capacity; exhaustive_implementation_coverage; causal_implementation_effect; model_validation,"Bounded Federal Register proposed-rule search for final rules already text-verified as citing cached public laws; matches require shared RIN or docket identifiers and do not prove complete public-comment records, Unified Agenda stage coverage, enforcement outcomes, appropriations capacity, exhaustive implementation coverage, public benefit, welfare, causal effects, or model validation."
117-223,117-hr-7132,2024-04587,proposed_rule_history_match,2024-03-05,2024-04-04,Strengthening the Ability of Consumers To Stop Robocalls,89 FR 15756,Federal Communications Commission,,CG Docket No. 02-278; FCC 24-24; FR ID 205127,47 CFR 64,30,4,2020-22331; 2021-07360; 2023-13821; 2024-04586,2020-10-09; 2021-04-12; 2023-06-29; 2024-03-05,Exemptions Implemented Under the Telephone Consumer Protection Act of 1991; Petition for Reconsideration of Action in Proceedings; Prior Express Consent Under the Telephone Consumer Protection Act of 1991; Strengthening the Ability of Consumers To Stop Robocalls,85 FR 64091; 86 FR 18934; 88 FR 42034; 89 FR 15802,2020-10-26; 2023-07-31; 2024-04-04,,,,DOCKET:CG02278; DOCKET:FCC2424,1243,https://www.federalregister.gov/documents/2020/10/09/2020-22331/exemptions-implemented-under-the-telephone-consumer-protection-act-of-1991; https://www.federalregister.gov/documents/2021/04/12/2021-07360/petition-for-reconsideration-of-action-in-proceedings; https://www.federalregister.gov/documents/2023/06/29/2023-13821/prior-express-consent-under-the-telephone-consumer-protection-act-of-1991; https://www.federalregister.gov/documents/2024/03/05/2024-04586/strengthening-the-ability-of-consumers-to-stop-robocalls; https://www.federalregister.gov/documents/2024/03/05/2024-04587/strengthening-the-ability-of-consumers-to-stop-robocalls,https://www.federalregister.gov/api/v1/documents/2020-22331.json; https://www.federalregister.gov/api/v1/documents/2021-07360.json; https://www.federalregister.gov/api/v1/documents/2023-13821.json; https://www.federalregister.gov/api/v1/documents/2024-04586.json; https://www.federalregister.gov/api/v1/documents/2024-04587.json,federal_register_authority_text_verified; final_rule_detail_metadata; proposed_rule_search_by_rin_or_docket; proposed_rule_shared_identifier_match,complete_regulations_comments; unified_agenda_stage; enforcement_outcomes; appropriations_capacity; exhaustive_implementation_coverage; causal_implementation_effect; model_validation,"Bounded Federal Register proposed-rule search for final rules already text-verified as citing cached public laws; matches require shared RIN or docket identifiers and do not prove complete public-comment records, Unified Agenda stage coverage, enforcement outcomes, appropriations capacity, exhaustive implementation coverage, public benefit, welfare, causal effects, or model validation."
117-223,117-hr-7132,2024-02384,proposed_rule_history_match,2024-02-08,2024-02-08,VRS and IP CTS-Commencement of Pending User Registration; Rates for Interstate Inmate Calling Services; Correction,89 FR 8549,Federal Communications Commission,,"CG Docket Nos. 03-123, 10-51, 13-24 and WC Docket No. 12-375; FCC 22-51; FCC 22-76; FR ID 201005",47 CFR 64,16,1,2022-25341,2022-12-08,VRS Rules Governing Communications Assistants and International Calling,87 FR 75199,2023-02-06,,,,DOCKET:FCC2251,427,https://www.federalregister.gov/documents/2022/12/08/2022-25341/vrs-rules-governing-communications-assistants-and-international-calling; https://www.federalregister.gov/documents/2024/02/08/2024-02384/vrs-and-ip-cts-commencement-of-pending-user-registration-rates-for-interstate-inmate-calling,https://www.federalregister.gov/api/v1/documents/2022-25341.json; https://www.federalregister.gov/api/v1/documents/2024-02384.json,federal_register_authority_text_verified; final_rule_detail_metadata; proposed_rule_search_by_rin_or_docket; proposed_rule_shared_identifier_match,complete_regulations_comments; unified_agenda_stage; enforcement_outcomes; appropriations_capacity; exhaustive_implementation_coverage; causal_implementation_effect; model_validation,"Bounded Federal Register proposed-rule search for final rules already text-verified as citing cached public laws; matches require shared RIN or docket identifiers and do not prove complete public-comment records, Unified Agenda stage coverage, enforcement outcomes, appropriations capacity, exhaustive implementation coverage, public benefit, welfare, causal effects, or model validation."
117-229,117-hr-1437,2025-14681,no_proposed_rule_history_match,2025-08-04,2025-10-01,"Medicare Program; Hospital Inpatient Prospective Payment Systems for Acute Care Hospitals (IPPS) and the Long-Term Care Hospital Prospective Payment System and Policy Changes and Fiscal Year (FY) 2026 Rates; Changes to the FY 2025 IPPS Rates Due to Court Decision; Requirements for Quality Programs; and Other Policy Changes; Health Data, Technology, and Interoperability: Electronic Prescribing, Real-Time Prescription Benefit and Electronic Prior Authorization",90 FR 36536,Health and Human Services Department; Centers for Medicare & Medicaid Services; Office of the Secretary,,CMS-1833-F and CMS-1808-F,42 CFR 412; 42 CFR 495; 42 CFR 512; 45 CFR 170,0,0,,,,,,,,,,,https://www.federalregister.gov/documents/2025/08/04/2025-14681/medicare-program-hospital-inpatient-prospective-payment-systems-for-acute-care-hospitals-ipps-and,https://www.federalregister.gov/api/v1/documents/2025-14681.json,federal_register_authority_text_verified; final_rule_detail_metadata; proposed_rule_search_by_rin_or_docket,proposed_rule_history; complete_regulations_comments; unified_agenda_stage; enforcement_outcomes; appropriations_capacity; exhaustive_implementation_coverage; causal_implementation_effect; model_validation,"Bounded Federal Register proposed-rule search for final rules already text-verified as citing cached public laws; matches require shared RIN or docket identifiers and do not prove complete public-comment records, Unified Agenda stage coverage, enforcement outcomes, appropriations capacity, exhaustive implementation coverage, public benefit, welfare, causal effects, or model validation."
117-229,117-hr-1437,2023-16252,no_proposed_rule_history_match,2023-08-28,2023-10-01,Medicare Program; Hospital Inpatient Prospective Payment Systems for Acute Care Hospitals and the Long-Term Care Hospital Prospective Payment System and Policy Changes and Fiscal Year 2024 Rates; Quality Programs and Medicare Promoting Interoperability Program Requirements for Eligible Hospitals and Critical Access Hospitals; Rural Emergency Hospital and Physician-Owned Hospital Requirements; and Provider and Supplier Disclosure of Ownership; and Medicare Disproportionate Share Hospital (DSH) Payments: Counting Certain Days Associated With Section 1115 Demonstrations in the Medicaid Fraction,88 FR 58640,Health and Human Services Department; Centers for Medicare & Medicaid Services,,CMS-1785-F and CMS-1788-F,42 CFR 411; 42 CFR 412; 42 CFR 419; 42 CFR 488; 42 CFR 489; 42 CFR 495,0,0,,,,,,,,,,,https://www.federalregister.gov/documents/2023/08/28/2023-16252/medicare-program-hospital-inpatient-prospective-payment-systems-for-acute-care-hospitals-and-the,https://www.federalregister.gov/api/v1/documents/2023-16252.json,federal_register_authority_text_verified; final_rule_detail_metadata; proposed_rule_search_by_rin_or_docket,proposed_rule_history; complete_regulations_comments; unified_agenda_stage; enforcement_outcomes; appropriations_capacity; exhaustive_implementation_coverage; causal_implementation_effect; model_validation,"Bounded Federal Register proposed-rule search for final rules already text-verified as citing cached public laws; matches require shared RIN or docket identifiers and do not prove complete public-comment records, Unified Agenda stage coverage, enforcement outcomes, appropriations capacity, exhaustive implementation coverage, public benefit, welfare, causal effects, or model validation."
117-229,117-hr-1437,2024-17021,proposed_rule_history_match,2024-08-28,2024-10-01,Medicare and Medicaid Programs and the Children's Health Insurance Program; Hospital Inpatient Prospective Payment Systems for Acute Care Hospitals and the Long-Term Care Hospital Prospective Payment System and Policy Changes and Fiscal Year 2025 Rates; Quality Programs Requirements; and Other Policy Changes,89 FR 68986,Health and Human Services Department; Centers for Medicare & Medicaid Services,0938-AV34,CMS-1808-F,42 CFR 405; 42 CFR 412; 42 CFR 413; 42 CFR 431; 42 CFR 482; 42 CFR 485; 42 CFR 495; 42 CFR 512,4,2,2024-07567; 2024-12164,2024-05-02; 2024-06-04,Medicare and Medicaid Programs and the Children's Health Insurance Program; Hospital Inpatient Prospective Payment Systems for Acute Care Hospitals and the Long-Term Care Hospital Prospective Payment System and Policy Changes and Fiscal Year 2025 Rates; Quality Programs Requirements; and Other Policy Changes; Medicare and Medicaid Programs and the Children's Health Insurance Program; Hospital Inpatient Prospective Payment Systems for Acute Care Hospitals and the Long-Term Care Hospital Prospective Payment System and Policy Changes and Fiscal Year 2025 Rates; Quality Programs Requirements; and Other Policy Changes; Correction,89 FR 35934; 89 FR 47884,2024-06-10,,CMS-2024-0131,https://www.regulations.gov/docketBrowser?rpp=50&so=DESC&sb=postedDate&po=0&dct=PS&D=CMS-2024-0131,RIN:0938-AV34,118,https://www.federalregister.gov/documents/2024/05/02/2024-07567/medicare-and-medicaid-programs-and-the-childrens-health-insurance-program-hospital-inpatient; https://www.federalregister.gov/documents/2024/06/04/2024-12164/medicare-and-medicaid-programs-and-the-childrens-health-insurance-program-hospital-inpatient; https://www.federalregister.gov/documents/2024/08/28/2024-17021/medicare-and-medicaid-programs-and-the-childrens-health-insurance-program-hospital-inpatient,https://www.federalregister.gov/api/v1/documents/2024-07567.json; https://www.federalregister.gov/api/v1/documents/2024-12164.json; https://www.federalregister.gov/api/v1/documents/2024-17021.json,federal_register_authority_text_verified; final_rule_detail_metadata; proposed_rule_search_by_rin_or_docket; proposed_rule_shared_identifier_match,complete_regulations_comments; unified_agenda_stage; enforcement_outcomes; appropriations_capacity; exhaustive_implementation_coverage; causal_implementation_effect; model_validation,"Bounded Federal Register proposed-rule search for final rules already text-verified as citing cached public laws; matches require shared RIN or docket identifiers and do not prove complete public-comment records, Unified Agenda stage coverage, enforcement outcomes, appropriations capacity, exhaustive implementation coverage, public benefit, welfare, causal effects, or model validation."
117-238,117-hr-7925,2025-20907,proposed_rule_history_match,2025-11-25,2026-01-01,Medicare Program: Hospital Outpatient Prospective Payment and Ambulatory Surgical Center Payment Systems; Quality Reporting Programs; Overall Hospital Quality Star Rating; Hospital Price Transparency; and Notice of Closure of a Teaching Hospital and Opportunity To Apply for Available Slots,90 FR 53448,Health and Human Services Department; Centers for Medicare & Medicaid Services; Office of the Secretary,0938-AV51,CMS-1834-FC,42 CFR 410; 42 CFR 412; 42 CFR 413; 42 CFR 415; 42 CFR 416; 42 CFR 419; 45 CFR 180,1,1,2025-13360,2025-07-17,Medicare and Medicaid Programs: Hospital Outpatient Prospective Payment and Ambulatory Surgical Center Payment Systems; Quality Reporting Programs; Overall Hospital Quality Star Ratings; and Hospital Price Transparency,90 FR 33476,2025-09-15,,CMS-2025-0306,https://www.regulations.gov/docketBrowser?rpp=50&so=DESC&sb=postedDate&po=0&dct=PS&D=CMS-2025-0306,RIN:0938-AV51,131,https://www.federalregister.gov/documents/2025/07/17/2025-13360/medicare-and-medicaid-programs-hospital-outpatient-prospective-payment-and-ambulatory-surgical; https://www.federalregister.gov/documents/2025/11/25/2025-20907/medicare-program-hospital-outpatient-prospective-payment-and-ambulatory-surgical-center-payment,https://www.federalregister.gov/api/v1/documents/2025-13360.json; https://www.federalregister.gov/api/v1/documents/2025-20907.json,federal_register_authority_text_verified; final_rule_detail_metadata; proposed_rule_search_by_rin_or_docket; proposed_rule_shared_identifier_match,complete_regulations_comments; unified_agenda_stage; enforcement_outcomes; appropriations_capacity; exhaustive_implementation_coverage; causal_implementation_effect; model_validation,"Bounded Federal Register proposed-rule search for final rules already text-verified as citing cached public laws; matches require shared RIN or docket identifiers and do not prove complete public-comment records, Unified Agenda stage coverage, enforcement outcomes, appropriations capacity, exhaustive implementation coverage, public benefit, welfare, causal effects, or model validation."
117-238,117-hr-7925,2023-24293,proposed_rule_history_match,2023-11-22,2024-01-01,"Medicare Program: Hospital Outpatient Prospective Payment and Ambulatory Surgical Center Payment Systems; Quality Reporting Programs; Payment for Intensive Outpatient Services in Hospital Outpatient Departments, Community Mental Health Centers, Rural Health Clinics, Federally Qualified Health Centers, and Opioid Treatment Programs; Hospital Price Transparency; Changes to Community Mental Health Centers Conditions of Participation, Changes to the Inpatient Prospective Payment System Medicare Code Editor; Rural Emergency Hospital Conditions of Participation Technical Correction",88 FR 81540,Health and Human Services Department; Centers for Medicare & Medicaid Services; Office of the Secretary,0938-AV09,CMS-1786-FC,42 CFR 405; 42 CFR 410; 42 CFR 416; 42 CFR 419; 42 CFR 424; 42 CFR 485; 42 CFR 488; 42 CFR 489; 45 CFR 180,6,2,2023-14768; C1-2023-14768,2023-07-31; 2023-08-22,"Medicare Program: Hospital Outpatient Prospective Payment and Ambulatory Surgical Center Payment Systems; Quality Reporting Programs; Payment for Intensive Outpatient Services in Rural Health Clinics, Federally Qualified Health Centers, and Opioid Treatment Programs; Hospital Price Transparency; Changes to Community Mental Health Centers Conditions of Participation, Proposed Changes to the Inpatient Prospective Payment System Medicare Code Editor; Rural Emergency Hospital Conditions of Participation Technical Correction",88 FR 49552; 88 FR 57029,2023-09-11,,HHS-OS-2024-0001,https://www.regulations.gov/docketBrowser?rpp=50&so=DESC&sb=postedDate&po=0&dct=PS&D=HHS-OS-2024-0001,RIN:0938-AV09,114,https://www.federalregister.gov/documents/2023/07/31/2023-14768/medicare-program-hospital-outpatient-prospective-payment-and-ambulatory-surgical-center-payment; https://www.federalregister.gov/documents/2023/08/22/C1-2023-14768/medicare-program-hospital-outpatient-prospective-payment-and-ambulatory-surgical-center-payment; https://www.federalregister.gov/documents/2023/11/22/2023-24293/medicare-program-hospital-outpatient-prospective-payment-and-ambulatory-surgical-center-payment,https://www.federalregister.gov/api/v1/documents/2023-14768.json; https://www.federalregister.gov/api/v1/documents/2023-24293.json; https://www.federalregister.gov/api/v1/documents/C1-2023-14768.json,federal_register_authority_text_verified; final_rule_detail_metadata; proposed_rule_search_by_rin_or_docket; proposed_rule_shared_identifier_match,complete_regulations_comments; unified_agenda_stage; enforcement_outcomes; appropriations_capacity; exhaustive_implementation_coverage; causal_implementation_effect; model_validation,"Bounded Federal Register proposed-rule search for final rules already text-verified as citing cached public laws; matches require shared RIN or docket identifiers and do not prove complete public-comment records, Unified Agenda stage coverage, enforcement outcomes, appropriations capacity, exhaustive implementation coverage, public benefit, welfare, causal effects, or model validation."
117-238,117-hr-7925,2024-25521,proposed_rule_history_match,2024-11-27,2025-01-01,"Medicare and Medicaid Programs: Hospital Outpatient Prospective Payment and Ambulatory Surgical Center Payment Systems; Quality Reporting Programs, Including the Hospital Inpatient Quality Reporting Program; Health and Safety Standards for Obstetrical Services in Hospitals and Critical Access Hospitals; Prior Authorization; Requests for Information; Medicaid and CHIP Continuous Eligibility; Medicaid Clinic Services Four Walls Exceptions; Individuals Currently or Formerly in Custody of Penal Authorities; Revision to Medicare Special Enrollment Period for Formerly Incarcerated Individuals; and All-Inclusive Rate Add-On Payment for High-Cost Drugs Provided by Indian Health Service and Tribal Facilities",89 FR 93912,Health and Human Services Department; Centers for Medicare & Medicaid Services,0938-AV35,CMS-1809-FC,42 CFR 406; 42 CFR 407; 42 CFR 410; 42 CFR 411; 42 CFR 416; 42 CFR 419; 42 CFR 435; 42 CFR 440; 42 CFR 457; 42 CFR 482; 42 CFR 485,3,1,2024-15087,2024-07-22,"Medicare and Medicaid Programs: Hospital Outpatient Prospective Payment and Ambulatory Surgical Center Payment Systems; Quality Reporting Programs, Including the Hospital Inpatient Quality Reporting Program; Health and Safety Standards for Obstetrical Services in Hospitals and Critical Access Hospitals; Prior Authorization; Requests for Information; Medicaid and CHIP Continuous Eligibility; Medicaid Clinic Services Four Walls Exceptions; Individuals Currently or Formerly in Custody of Penal Authorities; Revision to Medicare Special Enrollment Period for Formerly Incarcerated Individuals; and All-Inclusive Rate Add-On Payment for High-Cost Drugs Provided by Indian Health Service and Tribal Facilities",89 FR 59186,2024-09-09,,HHS-OS-2024-0002,https://www.regulations.gov/docketBrowser?rpp=50&so=DESC&sb=postedDate&po=0&dct=PS&D=HHS-OS-2024-0002,RIN:0938-AV35,128,https://www.federalregister.gov/documents/2024/07/22/2024-15087/medicare-and-medicaid-programs-hospital-outpatient-prospective-payment-and-ambulatory-surgical; https://www.federalregister.gov/documents/2024/11/27/2024-25521/medicare-and-medicaid-programs-hospital-outpatient-prospective-payment-and-ambulatory-surgical,https://www.federalregister.gov/api/v1/documents/2024-15087.json; https://www.federalregister.gov/api/v1/documents/2024-25521.json,federal_register_authority_text_verified; final_rule_detail_metadata; proposed_rule_search_by_rin_or_docket; proposed_rule_shared_identifier_match,complete_regulations_comments; unified_agenda_stage; enforcement_outcomes; appropriations_capacity; exhaustive_implementation_coverage; causal_implementation_effect; model_validation,"Bounded Federal Register proposed-rule search for final rules already text-verified as citing cached public laws; matches require shared RIN or docket identifiers and do not prove complete public-comment records, Unified Agenda stage coverage, enforcement outcomes, appropriations capacity, exhaustive implementation coverage, public benefit, welfare, causal effects, or model validation."
117-263,117-hr-7776,2026-08148,no_proposed_rule_history_match,2026-04-27,2026-05-27,Security Review Committee,91 FR 22454,State Department,1400-AG28,Public Notice: 12976,22 CFR 7,3,0,,,,,,,,,,,https://www.federalregister.gov/documents/2026/04/27/2026-08148/security-review-committee,https://www.federalregister.gov/api/v1/documents/2026-08148.json,federal_register_authority_text_verified; final_rule_detail_metadata; proposed_rule_search_by_rin_or_docket,proposed_rule_history; complete_regulations_comments; unified_agenda_stage; enforcement_outcomes; appropriations_capacity; exhaustive_implementation_coverage; causal_implementation_effect; model_validation,"Bounded Federal Register proposed-rule search for final rules already text-verified as citing cached public laws; matches require shared RIN or docket identifiers and do not prove complete public-comment records, Unified Agenda stage coverage, enforcement outcomes, appropriations capacity, exhaustive implementation coverage, public benefit, welfare, causal effects, or model validation."
117-263,117-hr-7776,2026-11505,proposed_rule_history_match,2026-06-09,2026-07-09,"DoD Assistance to Non-Government, Entertainment-Oriented Media Productions",91 FR 34773,Defense Department; Office of the Secretary,0790-AL71,Docket ID: DoD-2024-OS-0006,32 CFR 238,1,1,2024-15091,2024-07-16,"DoD Assistance to Non-Government, Entertainment-Oriented Media Productions",89 FR 57810,2024-09-16,,DOD-2024-OS-0006,https://www.regulations.gov/docketBrowser?rpp=50&so=DESC&sb=postedDate&po=0&dct=PS&D=DOD-2024-OS-0006,DOCKET:IDDOD2024OS0006; RIN:0790-AL71,693,https://www.federalregister.gov/documents/2024/07/16/2024-15091/dod-assistance-to-non-government-entertainment-oriented-media-productions; https://www.federalregister.gov/documents/2026/06/09/2026-11505/dod-assistance-to-non-government-entertainment-oriented-media-productions,https://www.federalregister.gov/api/v1/documents/2024-15091.json; https://www.federalregister.gov/api/v1/documents/2026-11505.json,federal_register_authority_text_verified; final_rule_detail_metadata; proposed_rule_search_by_rin_or_docket; proposed_rule_shared_identifier_match,complete_regulations_comments; unified_agenda_stage; enforcement_outcomes; appropriations_capacity; exhaustive_implementation_coverage; causal_implementation_effect; model_validation,"Bounded Federal Register proposed-rule search for final rules already text-verified as citing cached public laws; matches require shared RIN or docket identifiers and do not prove complete public-comment records, Unified Agenda stage coverage, enforcement outcomes, appropriations capacity, exhaustive implementation coverage, public benefit, welfare, causal effects, or model validation."
117-263,117-hr-7776,2024-11825,no_proposed_rule_history_match,2024-05-31,2024-05-31,Noncompetitive Appointment of Certain Military Spouses,89 FR 47067,Personnel Management Office,3206-AO57,Docket ID: OPM-2023-0026,5 CFR 315,1,0,,,,,,,,,,,https://www.federalregister.gov/documents/2024/05/31/2024-11825/noncompetitive-appointment-of-certain-military-spouses,https://www.federalregister.gov/api/v1/documents/2024-11825.json,federal_register_authority_text_verified; final_rule_detail_metadata; proposed_rule_search_by_rin_or_docket,proposed_rule_history; complete_regulations_comments; unified_agenda_stage; enforcement_outcomes; appropriations_capacity; exhaustive_implementation_coverage; causal_implementation_effect; model_validation,"Bounded Federal Register proposed-rule search for final rules already text-verified as citing cached public laws; matches require shared RIN or docket identifiers and do not prove complete public-comment records, Unified Agenda stage coverage, enforcement outcomes, appropriations capacity, exhaustive implementation coverage, public benefit, welfare, causal effects, or model validation."
117-263,117-hr-7776,2025-20727,no_proposed_rule_history_match,2025-11-24,2025-11-24,"Navigation and Navigable Waters, and Shipping; Technical, Organizational, and Conforming Amendments",90 FR 52867,Homeland Security Department; Coast Guard,,Docket No. USCG-2024-1103,33 CFR 1; 33 CFR 26; 33 CFR 62; 33 CFR 66; 33 CFR 67; 33 CFR 95; 33 CFR 97; 33 CFR 100; 33 CFR 107; 33 CFR 114; 33 CFR 115; 33 CFR 116; 33 CFR 117; 33 CFR 118; 33 CFR 133; 33 CFR 151; 33 CFR 155; 33 CFR 159; 33 CFR 164; 33 CFR 165; 33 CFR 174; 46 CFR 2; 46 CFR 3; 46 CFR 4; 46 CFR 7; 46 CFR 11; 46 CFR 15; 46 CFR 24; 46 CFR 26; 46 CFR 58; 46 CFR 62; 46 CFR 68; 46 CFR 90; 46 CFR 108; 46 CFR 110; 46 CFR 118; 46 CFR 125; 46 CFR 126; 46 CFR 131; 46 CFR 132; 46 CFR 133; 46 CFR 147; 46 CFR 169; 46 CFR 177; 46 CFR 181; 46 CFR 182; 46 CFR 188,0,0,,,,,,,,,,,https://www.federalregister.gov/documents/2025/11/24/2025-20727/navigation-and-navigable-waters-and-shipping-technical-organizational-and-conforming-amendments,https://www.federalregister.gov/api/v1/documents/2025-20727.json,federal_register_authority_text_verified; final_rule_detail_metadata; proposed_rule_search_by_rin_or_docket,proposed_rule_history; complete_regulations_comments; unified_agenda_stage; enforcement_outcomes; appropriations_capacity; exhaustive_implementation_coverage; causal_implementation_effect; model_validation,"Bounded Federal Register proposed-rule search for final rules already text-verified as citing cached public laws; matches require shared RIN or docket identifiers and do not prove complete public-comment records, Unified Agenda stage coverage, enforcement outcomes, appropriations capacity, exhaustive implementation coverage, public benefit, welfare, causal effects, or model validation."
117-263,117-hr-7776,2024-14121,no_proposed_rule_history_match,2024-06-28,2024-06-28,Civil Monetary Penalty Adjustments for Inflation,89 FR 53849,Homeland Security Department; U.S. Customs and Border Protection; Coast Guard; Transportation Security Administration,1601-AB11,,8 CFR 270; 8 CFR 274; 19 CFR 4; 33 CFR 27; 49 CFR 1503,0,0,,,,,,,,,,,https://www.federalregister.gov/documents/2024/06/28/2024-14121/civil-monetary-penalty-adjustments-for-inflation,https://www.federalregister.gov/api/v1/documents/2024-14121.json,federal_register_authority_text_verified; final_rule_detail_metadata; proposed_rule_search_by_rin_or_docket,proposed_rule_history; complete_regulations_comments; unified_agenda_stage; enforcement_outcomes; appropriations_capacity; exhaustive_implementation_coverage; causal_implementation_effect; model_validation,"Bounded Federal Register proposed-rule search for final rules already text-verified as citing cached public laws; matches require shared RIN or docket identifiers and do not prove complete public-comment records, Unified Agenda stage coverage, enforcement outcomes, appropriations capacity, exhaustive implementation coverage, public benefit, welfare, causal effects, or model validation."
117-263,117-hr-7776,2024-29227,proposed_rule_history_match,2024-12-18,2024-12-18,Defense Federal Acquisition Regulation Supplement: Task Order and Delivery Order Contracting for Architectural and Engineering Services (DFARS Case 2023-D007),89 FR 103366,Defense Department; Defense Acquisition Regulations System,0750-AL80,Docket DARS-2024-0023,48 CFR 216,1,1,2024-16335,2024-07-29,Defense Federal Acquisition Regulation Supplement: Task Order and Delivery Order Contracting for Architectural and Engineering Services (DFARS Case 2023-D007),89 FR 60853,2024-09-27,,DARS-2024-0023,https://www.regulations.gov/docketBrowser?rpp=50&so=DESC&sb=postedDate&po=0&dct=PS&D=DARS-2024-0023,DOCKET:DARS20240023; RIN:0750-AL80,142,https://www.federalregister.gov/documents/2024/07/29/2024-16335/defense-federal-acquisition-regulation-supplement-task-order-and-delivery-order-contracting-for; https://www.federalregister.gov/documents/2024/12/18/2024-29227/defense-federal-acquisition-regulation-supplement-task-order-and-delivery-order-contracting-for,https://www.federalregister.gov/api/v1/documents/2024-16335.json; https://www.federalregister.gov/api/v1/documents/2024-29227.json,federal_register_authority_text_verified; final_rule_detail_metadata; proposed_rule_search_by_rin_or_docket; proposed_rule_shared_identifier_match,complete_regulations_comments; unified_agenda_stage; enforcement_outcomes; appropriations_capacity; exhaustive_implementation_coverage; causal_implementation_effect; model_validation,"Bounded Federal Register proposed-rule search for final rules already text-verified as citing cached public laws; matches require shared RIN or docket identifiers and do not prove complete public-comment records, Unified Agenda stage coverage, enforcement outcomes, appropriations capacity, exhaustive implementation coverage, public benefit, welfare, causal effects, or model validation."
117-269,117-hr-2472,2022-26358,no_proposed_rule_history_match,2022-12-07,2022-12-07,Tanker Security Program,87 FR 74977,Transportation Department; Maritime Administration,2133-AB95,Docket Number MARAD-2022-0247,46 CFR 294,0,0,,,,,,,,,,,https://www.federalregister.gov/documents/2022/12/07/2022-26358/tanker-security-program,https://www.federalregister.gov/api/v1/documents/2022-26358.json,federal_register_authority_text_verified; final_rule_detail_metadata; proposed_rule_search_by_rin_or_docket,proposed_rule_history; complete_regulations_comments; unified_agenda_stage; enforcement_outcomes; appropriations_capacity; exhaustive_implementation_coverage; causal_implementation_effect; model_validation,"Bounded Federal Register proposed-rule search for final rules already text-verified as citing cached public laws; matches require shared RIN or docket identifiers and do not prove complete public-comment records, Unified Agenda stage coverage, enforcement outcomes, appropriations capacity, exhaustive implementation coverage, public benefit, welfare, causal effects, or model validation."
117-297,117-hr-6604,2024-18345,proposed_rule_history_match,2024-08-19,2024-09-18,Bar to Approval,89 FR 66991,Veterans Affairs Department,2900-AQ99,,38 CFR 21,1,1,2023-03964,2023-02-27,Bar to Approval,88 FR 12293,2023-04-28,,VA-2023-VBA-0010,https://www.regulations.gov/docketBrowser?rpp=50&so=DESC&sb=postedDate&po=0&dct=PS&D=VA-2023-VBA-0010,RIN:2900-AQ99,539,https://www.federalregister.gov/documents/2023/02/27/2023-03964/bar-to-approval; https://www.federalregister.gov/documents/2024/08/19/2024-18345/bar-to-approval,https://www.federalregister.gov/api/v1/documents/2023-03964.json; https://www.federalregister.gov/api/v1/documents/2024-18345.json,federal_register_authority_text_verified; final_rule_detail_metadata; proposed_rule_search_by_rin_or_docket; proposed_rule_shared_identifier_match,complete_regulations_comments; unified_agenda_stage; enforcement_outcomes; appropriations_capacity; exhaustive_implementation_coverage; causal_implementation_effect; model_validation,"Bounded Federal Register proposed-rule search for final rules already text-verified as citing cached public laws; matches require shared RIN or docket identifiers and do not prove complete public-comment records, Unified Agenda stage coverage, enforcement outcomes, appropriations capacity, exhaustive implementation coverage, public benefit, welfare, causal effects, or model validation."
